Player ID,Player Name,Normalized ID
1041.0,Derek Fisher,0
346.0,Dirk Nowitzki,1
2968.0,Gary Payton,2
1009.0,Antoine Walker,3
1219.0,Devean George,4
1198.0,Antawn Jamison,5
735.0,Shaquille O'Neal,6
942.0,Michael Finley,7
583.0,Karl Malone,8
1039.0,Steve Nash,9
823.0,Bryon Russell,10
1050.0,Tony Delk,11
2929.0,Horace Grant,12
959.0,Travis Best,13
1414.0,Kareem Rush,14
1092.0,Danny Fortson,15
1413.0,Jannero Pargo,16
1288.0,Eduardo Najera,17
1472.0,Luke Walton,18
1470.0,Josh Howard,19
1043.0,Kobe Bryant,20
818.0,Shawn Bradley,21
1326.0,Slava Medvedenko,22
1471.0,Marquis Daniels,23
1037.0,Allen Iverson,24
461.0,Dwyane Wade,25
944.0,Eric Snow,26
881.0,Eddie Jones,27
2895.0,Derrick Coleman,28
892.0,Brian Grant,29
1233.0,Kenny Thomas,30
1014.0,John Wallace,31
1406.0,John Salmons,32
203.0,Udonis Haslem,33
886.0,Aaron McKie,34
1269.0,Rafer Alston,35
1309.0,Marc Jackson,36
1387.0,Malik Allen,37
1474.0,Willie Green,38
1357.0,Loren Woods,39
1055.0,Amal McCaskill,40
1054.0,Samaki Walker,41
262.0,Kyle Korver,42
1216.0,Lamar Odom,43
1393.0,Samuel Dalembert,44
577.0,Bimbo Coles,45
907.0,Glenn Robinson,46
1473.0,Jerome Beasley,47
1089.0,Tim Duncan,48
1027.0,Stephon Marbury,49
1224.0,Anthony Carter,50
1226.0,Shawn Marion,51
1412.0,Manu Ginobili,52
1364.0,Joe Johnson,53
1081.0,Bruce Bowen,54
1317.0,Jake Voskuhl,55
1049.0,Malik Rose,56
1475.0,Zarko Cabarkapa,57
1096.0,Ron Mercer,58
1433.0,Amar'e Stoudemire,59
1290.0,Hedo Turkoglu,60
731.0,Tom Gugliotta,61
738.0,Robert Horry,62
799.0,Anfernee Hardaway,63
1213.0,Rasho Nesterovic,64
1109.0,Brevin Knight,65
1028.0,Shane Heal,66
1434.0,Casey Jacobsen,67
363.0,Tony Parker,68
1455.0,Cezary Trybanski,69
579.0,Kevin Willis,70
1476.0,Leandro Barbosa,71
834.0,Allan Houston,72
1087.0,Tracy McGrady,73
978.0,Kurt Thomas,74
1441.0,Drew Gooden,75
1119.0,Keith Van Horn,76
922.0,Juwan Howard,77
1048.0,Shandon Anderson,78
1187.0,Tyronn Lue,79
878.0,Howard Eisley,80
1442.0,Gordan Giricek,81
918.0,Charlie Ward,82
1324.0,Donnell Harvey,83
660.0,Dikembe Mutombo,84
1173.0,Shammond Williams,85
1158.0,Michael Doleac,86
1490.0,Britton Johnsen,87
1415.0,Frank Williams,88
995.0,Andrew DeClercq,89
1492.0,Michael Sweetney,90
1351.0,Steven Hunter,91
1045.0,Othella Harrington,92
1491.0,Reece Gaines,93
737.0,Clar. Weatherspoon,94
361.0,Zaza Pachulia,95
111.0,Jamal Crawford,96
1374.0,Gilbert Arenas,97
874.0,Jalen Rose,98
1152.0,Larry Hughes,99
1376.0,Eddy Curry,100
1496.0,Jarvis Hayes,101
2933.0,Scottie Pippen,102
1368.0,Kwame Brown,103
1426.0,Lonny Baxter,104
1370.0,Etan Thomas,105
1292.0,Marcus Fizer,106
740.0,Christian Laettner,107
877.0,Donyell Marshall,108
1419.0,Juan Dixon,109
1239.0,Eddie Robinson,110
1391.0,Brendan Haywood,111
2952.0,Kendall Gill,112
1418.0,Jared Jeffries,113
1466.0,Roger Mason Jr.,114
1497.0,Steve Blake,115
815.0,Corie Blount,116
1170.0,Jahidi White,117
94.0,Tyson Chandler,118
801.0,Chris Whitney,119
539.0,Clifford Robinson,120
820.0,Calbert Cheaney,121
1429.0,Mike Dunleavy,122
1012.0,Erick Dampier,123
561.0,Avery Johnson,124
1355.0,Speedy Claxton,125
1489.0,Mickael Pietrus,126
1325.0,Brian Cardinal,127
1103.0,Adonal Foyle,128
828.0,Popeye Jones,129
1372.0,Jason Richardson,130
812.0,Nick Van Exel,131
1020.0,Ben Wallace,132
1249.0,Metta World Peace,133
1416.0,Tayshaun Prince,134
1059.0,Jermaine O'Neal,135
1245.0,Richard Hamilton,136
2890.0,Reggie Miller,137
1097.0,Chauncey Billups,138
697.0,Kenny Anderson,139
1417.0,Mehmet Okur,140
1241.0,Jeff Foster,141
2991.0,Elden Campbell,142
1172.0,Al Harrington,143
1236.0,Chucky Atkins,144
1118.0,Scot Pollard,145
990.0,Corliss Williamson,146
1344.0,Jamaal Tinsley,147
1362.0,Zeljko Rebraca,148
1132.0,Austin Croshere,149
1401.0,Tremaine Fowlkes,150
1447.0,Fred Jones,151
1495.0,Darko Milicic,152
1345.0,Primoz Brezec,153
966.0,Bob Sura,154
1121.0,Anthony Johnson,155
1168.0,Paul Pierce,156
1193.0,Raef LaFrentz,157
1394.0,Mike James,158
810.0,Vin Baker,159
938.0,Eric Williams,160
1366.0,Kedrick Brown,161
1090.0,Tony Battie,162
1493.0,Marcus Banks,163
1314.0,Mark Blount,164
1015.0,Walter McCarty,165
1428.0,Jiri Welsch,166
1215.0,Jumaine Jones,167
833.0,Antonio Davis,168
908.0,Jason Kidd,169
88.0,Vince Carter,170
1346.0,Richard Jefferson,171
1013.0,Jerome Williams,172
1024.0,Kerry Kittles,173
1218.0,Milt Palacio,174
1348.0,Jason Collins,175
884.0,Lamond Murray,176
1281.0,Kenyon Martin,177
1482.0,Chris Bosh,178
806.0,Rodney Rogers,179
1100.0,Alvin Williams,180
771.0,Alonzo Mourning,181
817.0,Michael Curry,182
855.0,Aaron Williams,183
1303.0,Morris Peterson,184
774.0,Doug Overton,185
1402.0,Mengke Bateer,186
1347.0,Brandon Armstrong,187
1421.0,Chris Jefferies,188
1469.0,Zoran Planinic,189
1313.0,Jerome Moiso,190
1399.0,Brian Scalabrine,191
750.0,Latrell Sprewell,192
1206.0,Brian Skinner,193
971.0,Kevin Garnett,194
957.0,Joe Smith,195
830.0,Sam Cassell,196
1287.0,Michael Redd,197
975.0,Fred Hoiberg,198
1283.0,Desmond Mason,199
1300.0,Mark Madsen,200
1116.0,Tim Thomas,201
1179.0,Michael Olowokandi,202
1025.0,Erick Strickland,203
950.0,Gary Trent,204
1203.0,Damon Jones,205
1477.0,Keith McLeod,206
816.0,Toni Kukoc,207
842.0,Ervin Johnson,208
1436.0,Dan Gadzuric,209
1478.0,Ndudi Ebi,210
1468.0,T.J. Ford,211
1375.0,Trenton Hassell,212
1437.0,Marcus Haislip,213
1220.0,Quincy Lewis,214
1305.0,Daniel Santiago,215
1162.0,Peja Stojakovic,216
237.0,LeBron James,217
2998.0,Vlade Divac,218
1155.0,Ricky Davis,219
1156.0,Brad Miller,220
1410.0,Carlos Boozer,221
1199.0,Mike Bibby,222
1107.0,Zydrunas Ilgauskas,223
795.0,Doug Christie,224
1295.0,Darius Miles,225
1091.0,Bobby Jackson,226
1427.0,J.R. Bremer,227
1343.0,Gerald Wallace,228
1367.0,DeSagana Diop,229
2988.0,Tony Massenburg,230
1279.0,Chris Mihm,231
1488.0,Darius Songaila,232
1084.0,Kevin Ollie,233
1225.0,Rodney Buford,234
1487.0,Jason Kapono,235
744.0,Anthony Peeler,236
1150.0,Jelani McCoy,237
1329.0,Jabari Smith,238
1120.0,Michael Stewart,239
1349.0,Carlos Arroyo,240
960.0,Damon Stoudamire,241
943.0,Greg Ostertag,242
948.0,Rasheed Wallace,243
1352.0,Andrei Kirilenko,244
388.0,Zach Randolph,245
1159.0,Matt Harpring,246
1202.0,Bonzi Wells,247
1339.0,Raja Bell,248
700.0,Dale Davis,249
1298.0,DeShawn Stevenson,250
1051.0,Jeff McInnis,251
1484.0,Sasha Pavlovic,252
1185.0,Ruben Patterson,253
1385.0,Jarron Collins,254
1151.0,Vladimir Stepania,255
1483.0,Ben Handlogten,256
765.0,Tracy Murray,257
1485.0,Raul Lopez,258
1108.0,Derek Anderson,259
1194.0,Keon Clark,260
1371.0,Ruben Boumtje-Boumtje,261
1486.0,Mo Williams,262
1424.0,Qyntel Woods,263
342.0,Nene ,264
993.0,Voshon Lenard,265
17.0,Carmelo Anthony,266
1016.0,Marcus Camby,267
1222.0,Andre Miller,268
1197.0,Earl Boykins,269
784.0,Jon Barry,270
1389.0,Chris Andersen,271
1494.0,Francisco Elson,272
1430.0,Nikoloz Tskitishvili,273
1228.0,Ryan Bowen,274
1363.0,Rodney White,275
831.0,P.J. Brown,276
1280.0,Stephen Jackson,277
1237.0,Baron Davis,278
1242.0,Jason Terry,279
843.0,George Lynch,280
1018.0,Shareef Abdur-Rahim,281
857.0,David Wesley,282
1244.0,Dion Glover,283
933.0,Darrell Armstrong,284
964.0,Theo Ratliff,285
1274.0,Jamaal Magloire,286
1154.0,Nazr Mohammed,287
758.0,Sean Rooks,288
1112.0,Jacque Vaughn,289
673.0,Stacey Augmon,290
1479.0,Boris Diaw,291
1196.0,Robert Traylor,292
1319.0,Lee Nailon,293
1481.0,David West,294
1106.0,Chris Crawford,295
675.0,Steven Smith,296
1480.0,Travis Hansen,297
1182.0,Bryce Drew,298
958.0,Alan Henderson,299
1341.0,Vladimir Radmanovic,300
1247.0,Elton Brand,301
940.0,Brent Barry,302
1297.0,Quentin Richardson,303
1438.0,Flip Murray,304
1235.0,Corey Maggette,305
1149.0,Rashard Lewis,306
1312.0,Eddie House,307
1435.0,Reggie Evans,308
1369.0,Bobby Simmons,309
1272.0,Calvin Booth,310
1388.0,Predrag Drobnjak,311
1404.0,Ansu Sesay,312
1422.0,Chris Wilcox,313
1500.0,Luke Ridnour,314
1296.0,Keyon Dooling,315
1501.0,Richie Frahm,316
1423.0,Marko Jaric,317
1022.0,Vitaly Potapenko,318
1499.0,Chris Kaman,319
1086.0,Antonio Daniels,320
1459.0,Melvin Ely,321
1163.0,Jerome James,322
1337.0,Wang Zhi-zhi,323
1184.0,Cuttino Mobley,324
1099.0,Kelvin Cato,325
1232.0,Steve Francis,326
793.0,Jim Jackson,327
1445.0,Yao Ming,328
1446.0,Bostjan Nachbar,329
1101.0,Maurice Taylor,330
1498.0,Torraye Braggs,331
1063.0,Moochie Norris,332
1221.0,Scott Padgett,333
1462.0,Mike Wilks,334
968.0,John Amaechi,335
170.0,Pau Gasol,336
1161.0,Jason Williams,337
1299.0,Mike Miller,338
1227.0,James Posey,339
1285.0,Stromile Swift,340
1033.0,Lorenzen Wright,341
1378.0,Shane Battier,342
896.0,Wesley Person,343
1342.0,Earl Watson,344
866.0,Bo Outlaw,345
1502.0,Troy Bell,346
1308.0,Jake Tsakalidis,347
1340.0,Jason Hart,348
1315.0,Dan Langhi,349
1503.0,Kirk Penney,350
1507.0,Keith Bogans,351
1176.0,Pat Garrity,352
1449.0,Tamar Slay,353
1504.0,Matt Carroll,354
1505.0,Kirk Hinrich,355
1506.0,Linton Johnson,356
1286.0,Joel Przybilla,357
1451.0,Devin Brown,358
1323.0,Ira Newble,359
1439.0,Caron Butler,360
620.0,Tyrone Hill,361
1511.0,Curtis Borchardt,362
1510.0,Theron Smith,363
1448.0,Dan Dickau,364
1512.0,Travis Outlaw,365
1125.0,Rick Brunson,366
835.0,Lindsey Hunter,367
935.0,Cherokee Parks,368
1353.0,Alton Ford,369
1210.0,Bruno Sundov,370
1465.0,Jamal Sampson,371
1513.0,Kendrick Perkins,372
1460.0,Sean Lampley,373
668.0,Robert Pack,374
508.0,Glen Rice,375
1271.0,Derrick Dial,376
1026.0,Darvin Ham,377
2932.0,Scott Williams,378
1514.0,Dahntay Jones,379
883.0,Eric Piatkowski,380
1267.0,Greg Buckner,381
827.0,Lucious Harris,382
3022.0,Rod Strickland,383
1452.0,Robert Archibald,384
757.0,Hubert Davis,385
821.0,Mitchell Butler,386
965.0,Antonio McDyess,387
2970.0,Olden Polynice,388
1386.0,Jamison Brewer,389
1320.0,Zendon Hamilton,390
1356.0,Damone Brown,391
1440.0,Rasual Butler,392
761.0,Oliver Miller,393
1373.0,Troy Murphy,394
1515.0,Kaniel Dickens,395
1113.0,Troy Hudson,396
1382.0,Jeff Trepagnier,397
1517.0,James Jones,398
1123.0,Lawrence Funderburke,399
1516.0,Brian Cook,400
910.0,Monty Williams,401
1157.0,Mikki Moore,402
1036.0,Ray Allen,403
1518.0,Brandon Hunter,404
1191.0,Paul Grant,405
1508.0,Alex Garcia,406
1248.0,Michael Ruffin,407
1509.0,Maciej Lampe,408
1519.0,Slavko Vranes,409
1456.0,Dajuan Wagner,410
1330.0,Mamadou N'diaye,411
994.0,Anthony Goldwire,412
1520.0,Ronald Dupree,413
1521.0,Ime Udoka,414
1264.0,Jonathan Bender,415
2962.0,Mark Jackson,416
1095.0,Mark Pope,417
1522.0,Matt Barnes,418
670.0,Rick Fox,419
826.0,Jamal Mashburn,420
1360.0,Tierre Brown,421
929.0,Darrick Martin,422
946.0,Jerry Stackhouse,423
1523.0,Maurice Carter,424
1276.0,DerMarr Johnson,425
1405.0,Omar Cook,426
1229.0,Adrian Griffin,427
1336.0,Eddie Gill,428
847.0,Chris Webber,429
1251.0,Wally Szczerbiak,430
809.0,Chris Mills,431
1350.0,Michael Bradley,432
1524.0,Desmond Penigar,433
1525.0,Hiram Fuller,434
1133.0,Rusty LaRue,435
1409.0,Ryan Humphrey,436
1463.0,Paul Shirley,437
1304.0,Jason Collier,438
1526.0,Josh Davis,439
2957.0,Charles Oakley,440
1527.0,Desmond Ferguson,441
1046.0,Randy Livingston,442
1302.0,Mateen Cleaves,443
1254.0,Leon Smith,444
2966.0,Dana Barros,445
1384.0,Ernest Brown,446
1529.0,Carlos Delfino,447
1528.0,Sasha Vujacic,448
195.0,Devin Harris,449
1395.0,Maurice Evans,450
1530.0,Kevin Martin,451
1532.0,DJ Mbenga,452
1531.0,Erik Daniels,453
1551.0,Beno Udrih,454
1541.0,Josh Smith,455
1542.0,Josh Childress,456
1544.0,Jackson Vroman,457
1543.0,Royal Ivey,458
880.0,Anthony Miller,459
1545.0,Yuta Tabuse,460
1548.0,Andris Biedrins,461
1547.0,Sebastian Telfair,462
220.0,Dwight Howard,463
879.0,Grant Hill,464
1533.0,Jameer Nelson,465
20.0,Trevor Ariza,466
1358.0,Eddie Griffin,467
1554.0,David Harrison,468
1555.0,John Edwards,469
1556.0,Luke Jackson,470
1557.0,Anderson Varejao,471
424.0,JR Smith,472
280.0,Shaun Livingston,473
1536.0,Nick Collison,474
1537.0,Robert Swift,475
1539.0,Lionel Chalmers,476
1538.0,Damien Wilkins,477
1540.0,Quinton Ross,478
224.0,Andre Iguodala,479
1552.0,Tony Allen,480
1553.0,Al Jefferson,481
1558.0,Nenad Krstic,482
1550.0,Matt Bonner,483
1549.0,Rafael Araujo,484
1246.0,Laron Profit,485
1546.0,Peter John Ramos,486
1534.0,Kirk Snyder,487
1535.0,Kris Humphries,488
1559.0,Emeka Okafor,489
1560.0,Bernard Robinson,490
1561.0,Andres Nocioni,491
124.0,Luol Deng,492
1564.0,Chris Duhon,493
1562.0,Ben Gordon,494
1563.0,Jared Reiner,495
1565.0,Mario Kasun,496
1431.0,Junior Harrington,497
1567.0,Geno Carlisle,498
1566.0,Pape Sow,499
1568.0,Awvee Storey,500
1569.0,Tim Pickett,501
1411.0,Smush Parker,502
1570.0,Matt Freije,503
1572.0,Justin Reed,504
1571.0,Andre Barrett,505
1574.0,Delonte West,506
1573.0,Donta Smith,507
1231.0,Aleksandar Radojevic,508
1575.0,Horace Jenkins,509
1576.0,Corsley Edwards,510
1577.0,Antonio Burks,511
1578.0,Tony Bobbitt,512
1579.0,Luis Flores,513
1580.0,Ibrahim Kutluay,514
1581.0,Ha Ha,515
1582.0,James Thomas,516
1098.0,John Thomas,517
1217.0,Obinna Ekezie,518
1583.0,Andre Emmett,519
1584.0,Brandin Knight,520
1585.0,Billy Thomas,521
1167.0,Sean Marks,522
1289.0,Courtney Alexander,523
1586.0,Viktor Khryapa,524
1587.0,Dorell Wright,525
1588.0,Maurice Baker,526
1589.0,Pavel Podkolzin,527
1256.0,Jermaine Jackson,528
981.0,Cory Alexander,529
1590.0,Jackie Butler,530
1591.0,Mark Jones,531
367.0,Chris Paul,532
1597.0,Francisco Garcia,533
1599.0,Brandon Bass,534
1600.0,Arvydas Macijauskas,535
1598.0,Ronnie Price,536
1408.0,Pat Burke,537
1596.0,Dijon Thompson,538
1595.0,Josh Powell,539
1593.0,Andrew Bogut,540
1354.0,Charlie Bell,541
1594.0,Deng Gai,542
481.0,Lou Williams,543
1592.0,Fabricio Oberto,544
1627.0,Charlie Villanueva,545
1626.0,Joey Graham,546
80.0,Jose Calderon,547
1625.0,Donell Taylor,548
1629.0,Luther Head,549
1616.0,Sarunas Jasikevicius,550
1617.0,Danny Granger,551
1618.0,Travis Diener,552
1361.0,Terence Morris,553
1606.0,Lawrence Roberts,554
1603.0,Earl Barron,555
1604.0,Wayne Simien,556
1607.0,Hakim Warrick,557
1605.0,Matt Walsh,558
155.0,Raymond Felton,559
1615.0,Sean May,560
482.0,Marvin Williams,561
1632.0,Chris Taft,562
1630.0,Salim Stoudamire,563
1633.0,Aaron Miles,564
1631.0,Esteban Batista,565
1624.0,Orien Greene,566
1622.0,Nate Robinson,567
1623.0,Ryan Gomes,568
164.0,Channing Frye,569
1611.0,James Singleton,570
1610.0,Daniel Ewing,571
1614.0,Johan Petro,572
1612.0,Yaroslav Korolev,573
1628.0,Jason Maxiell,574
1601.0,Deron Williams,575
1602.0,Robert Whaley,576
1128.0,Charles Smith,577
1621.0,Rashad McCants,578
1619.0,Jarrett Jack,579
1620.0,Martell Webster,580
1609.0,Linas Kleiza,581
1608.0,Andrew Bynum,582
1634.0,Devin Green,583
637.0,Kevin Pritchard,584
1613.0,Boniface Ndong,585
1635.0,Monta Ellis,586
1636.0,Kevin Burleson,587
1638.0,Andre Owens,588
1640.0,Martynas Andriuskevicius,589
1639.0,Eddie Basden,590
1637.0,Sergei Monia,591
1641.0,David Lee,592
1645.0,Shavlik Randolph,593
1643.0,Andray Blatche,594
1644.0,Melvin Sanders,595
1646.0,Sharrod Ford,596
1647.0,Alan Anderson,597
316.0,CJ Miles,598
1648.0,Julius Hodge,599
1649.0,Rawle Marshall,600
1650.0,Alex Scales,601
1651.0,Gerald Fitch,602
1642.0,Von Wafer,603
1653.0,Antoine Wright,604
1652.0,Ike Diogu,605
186.0,Gerald Green,606
1654.0,Anthony Roberson,607
1655.0,Stephen Graham,608
1656.0,John Lucas III,609
1657.0,Randy Holcomb,610
1658.0,Sean Banks,611
1659.0,Alex Acker,612
1660.0,Bracey Wright,613
1661.0,Chuck Hayes,614
241.0,Amir Johnson,615
1662.0,Ronny Turiaf,616
1663.0,Dwayne Jones,617
1664.0,James Lang,618
1665.0,Noel Felix,619
1666.0,Luke Schenscher,620
1667.0,Will Bynum,621
1668.0,Anthony Grundy,622
1669.0,Derrick Zimmerman,623
1672.0,Chris Quinn,624
1671.0,Tyrus Thomas,625
411.0,Thabo Sefolosha,626
1673.0,Robert Hite,627
1670.0,Jordan Farmar,628
1678.0,Craig Smith,629
1677.0,Randy Foye,630
225.0,Ersan Ilyasova,631
1680.0,Damir Markota,632
1681.0,David Noel,633
1692.0,Adam Morrison,634
1273.0,Maceo Baston,635
1693.0,Walter Herrmann,636
1139.0,Anthony Parker,637
1701.0,Marcus Williams,638
1699.0,Jorge Garbajosa,639
1702.0,Hassan Adams,640
1700.0,Andrea Bargnani,641
1703.0,Mile Ilic,642
450.0,PJ Tucker,643
1694.0,Shelden Williams,644
1697.0,Rodney Carney,645
1695.0,Solomon Jones,646
1696.0,Cedric Bozeman,647
1698.0,Ivan McFarlin,648
1682.0,Paul Davis,649
171.0,Rudy Gay,650
286.0,Kyle Lowry,651
1683.0,Renaldo Balkman,652
1684.0,Mardy Collins,653
1685.0,Alexander Johnson,654
1679.0,Patrick O'Bryant,655
400.0,Rajon Rondo,656
1674.0,Cedric Simmons,657
1675.0,Hilton Armstrong,658
1676.0,Leon Powe,659
1689.0,Brandon Roy,660
1690.0,Mouhamed Sene,661
1691.0,Mickael Gelabale,662
1688.0,Ronnie Brewer,663
1686.0,Steve Novak,664
318.0,Paul Millsap,665
1687.0,Vassilis Spanoulis,666
1704.0,Yakhouba Diawara,667
1705.0,Maurice Ager,668
1706.0,Pops Mensah-Bonsu,669
1707.0,Sergio Rodriguez,670
1708.0,Shannon Brown,671
389.0,JJ Redick,672
29.0,J.J. Barea,673
1709.0,Dee Brown,674
6.0,LaMarcus Aldridge,675
1712.0,Roger Powell,676
1711.0,Bobby Jones,677
1710.0,Andreas Glyniadakis,678
1713.0,Tarence Kinsey,679
1714.0,Allan Ray,680
1715.0,Quincy Douby,681
1716.0,Daniel Gibson,682
1717.0,Marcus Vinicius,683
1718.0,Chris McCray,684
1719.0,Desmon Farmer,685
1720.0,Steven Smith,686
1721.0,Lynn Greer,687
1722.0,Uros Slokar,688
1723.0,Josh Boone,689
1724.0,Will Blalock,690
1728.0,Shawne Williams,691
1729.0,James Augustine,692
1725.0,James White,693
1730.0,Kelenna Azubuike,694
1726.0,Andre Brown,695
1731.0,Justin Williams,696
1732.0,Ryan Hollins,697
1727.0,Renaldo Major,698
1733.0,Will Conroy,699
1734.0,Jeremy Richardson,700
1735.0,Lou Amundson,701
1736.0,Randolph Morris,702
1737.0,Mike Hall,703
1738.0,Kevinn Pinkney,704
1742.0,Darius Washington,705
294.0,Ian Mahinmi,706
1741.0,Taurean Green,707
40.0,Marco Belinelli,708
1739.0,Luis Scola,709
1740.0,Coby Karl,710
1745.0,Yi Jianlian,711
1750.0,Juan Carlos Navarro,712
104.0,Mike Conley,713
423.0,Jason Smith,714
489.0,Thaddeus Young,715
1751.0,Nick Fazekas,716
140.0,Kevin Durant,717
188.0,Jeff Green,718
1746.0,Nick Young,719
1749.0,Courtney Sims,720
1747.0,Dominic McGuire,721
1748.0,Oleksiy Pecherov,722
1743.0,Aaron Gray,723
1744.0,Sean Williams,724
1752.0,Darryl Watkins,725
1753.0,Mustafa Shakur,726
1754.0,Julian Wright,727
1757.0,Arron Afflalo,728
1758.0,Daequan Cook,729
1755.0,DJ Strawberry,730
1756.0,Alando Tucker,731
1762.0,Javaris Crittenton,732
138.0,Jared Dudley,733
1759.0,Jermareo Davidson,734
1764.0,Corey Brewer,735
1765.0,Chris Richard,736
219.0,Al Horford,737
1760.0,Acie Law,738
1761.0,Mario West,739
1763.0,Glen Davis,740
1767.0,Al Thornton,741
1766.0,Stephane Lasme,742
1768.0,Brandan Wright,743
1769.0,Jamario Moon,744
95.0,Wilson Chandler,745
179.0,Marcin Gortat,746
1770.0,Demetris Nichols,747
1771.0,Joakim Noah,748
1772.0,Morris Almond,749
1773.0,Gabe Pruitt,750
1774.0,Joel Anthony,751
1775.0,Spencer Hawes,752
1776.0,Brandon Wallace,753
1777.0,Aaron Brooks,754
1779.0,Kosta Perovic,755
1778.0,Cheikh Samb,756
1780.0,Thomas Gardner,757
1781.0,Carl Landry,758
1782.0,Josh McRoberts,759
1783.0,Kyrylo Fesenko,760
1784.0,Rodney Stuckey,761
1785.0,Marcus Williams,762
1786.0,Keith Langford,763
1788.0,C.J. Watson,764
1787.0,Guillermo Diaz,765
1789.0,Adam Haluska,766
1790.0,JamesOn Curry,767
1791.0,Ramon Sessions,768
1792.0,Mike Harris,769
1793.0,Lance Allred,770
1794.0,Blake Ahearn,771
1795.0,Kasib Powell,772
1796.0,JJ Hickson,773
1799.0,Rudy Fernandez,774
34.0,Jerryd Bayless,775
1798.0,Greg Oden,776
33.0,Nicolas Batum,777
401.0,Derrick Rose,778
302.0,Luc Mbah a Moute,779
1797.0,Joe Alexander,780
271.0,Courtney Lee,781
1803.0,Brandon Rush,782
1804.0,Roy Hibbert,783
136.0,Goran Dragic,784
284.0,Robin Lopez,785
211.0,George Hill,786
1807.0,Sean Singletary,787
283.0,Brook Lopez,788
306.0,JaVale McGee,789
13.0,Ryan Anderson,790
1800.0,Chris Douglas-Roberts,791
1801.0,Mario Chalmers,792
39.0,Michael Beasley,793
167.0,Danilo Gallinari,794
472.0,Russell Westbrook,795
1802.0,Kyle Weaver,796
178.0,Eric Gordon,797
1810.0,Mike Taylor,798
1815.0,Roko Ukic,799
1379.0,Will Solomon,800
1808.0,Jason Thompson,801
285.0,Kevin Love,802
1809.0,Bobby Brown,803
263.0,Kosta Koufos,804
1811.0,O.J. Mayo,805
169.0,Marc Gasol,806
1812.0,Darrell Arthur,807
1814.0,Joey Dorsey,808
1813.0,Hamed Haddadi,809
1805.0,DeMarcus Nelson,810
1806.0,Anthony Randolph,811
21.0,D.J. Augustin,812
1816.0,Alexis Ajinca,813
1817.0,Sonny Weems,814
1819.0,Donte Greene,815
1818.0,Marreese Speights,816
250.0,DeAndre Jordan,817
1821.0,Rob Kurz,818
1820.0,Walter Sharpe,819
1822.0,Henry Walker,820
1823.0,Anthony Morrow,821
446.0,Anthony Tolliver,822
1824.0,Othello Hunter,823
1825.0,Steven Hill,824
1826.0,Darnell Jackson,825
1828.0,Jawad Williams,826
1827.0,Sun Sun,827
1829.0,Nathan Jawai,828
1830.0,Cartier Martin,829
1831.0,Malik Hairston,830
1832.0,J.R. Giddens,831
1833.0,Trey Johnson,832
1834.0,Joe Crawford,833
1836.0,DJ White,834
1835.0,Dontell Jefferson,835
1837.0,Chris Hunter,836
1838.0,Rodrigue Beaubois,837
1842.0,Lester Hudson,838
1839.0,David Andersen,839
1840.0,Chase Budinger,840
113.0,Dante Cunningham,841
1841.0,Jermaine Taylor,842
125.0,DeMar DeRozan,843
435.0,Jeff Teague,844
1844.0,AJ Price,845
1850.0,Toney Douglas,846
1851.0,Jordan Hill,847
1852.0,Marcus Landry,848
84.0,DeMarre Carroll,849
1854.0,Hasheem Thabeet,850
1855.0,Sam Young,851
1853.0,Austin Daye,852
1856.0,Trey Gilder,853
239.0,Jonas Jerebko,854
1859.0,Jonny Flynn,855
1858.0,Terrence Williams,856
144.0,Wayne Ellington,857
150.0,Tyreke Evans,858
90.0,Omri Casspi,859
192.0,James Harden,860
223.0,Serge Ibaka,861
1847.0,Jon Brockman,862
1843.0,DeJuan Blair,863
103.0,Darren Collison,864
1849.0,Ty Lawson,865
301.0,Wesley Matthews,866
1848.0,Eric Maynor,867
115.0,Stephen Curry,868
1857.0,Earl Clark,869
1845.0,Gerald Henderson,870
1846.0,Derrick Brown,871
173.0,Taj Gibson,872
242.0,James Johnson,873
1860.0,Brandon Jennings,874
214.0,Jrue Holiday,875
1861.0,DaJuan Summers,876
1862.0,Taylor Griffin,877
311.0,Jodie Meeks,878
184.0,Danny Green,879
1864.0,Marcus Thornton,880
1863.0,Tyler Hansbrough,881
1865.0,Jeff Ayres,882
1866.0,Byron Mullens,883
319.0,Patty Mills,884
1867.0,Sundiata Gaines,885
1868.0,Cedric Jackson,886
436.0,Garrett Temple,887
1869.0,Antonio Anderson,888
1870.0,Reggie Williams,889
1871.0,Othyus Jeffers,890
1872.0,Alonzo Gee,891
1874.0,Kenny Hasbrouck,892
1873.0,Oliver Lafayette,893
1880.0,Semih Erden,894
1875.0,Derrick Caracter,895
422.0,Ish Smith,896
1876.0,Devin Ebanks,897
1878.0,Armon Johnson,898
1879.0,Luke Babbitt,899
1877.0,Garret Siler,900
1899.0,Manny Harris,901
1893.0,Xavier Henry,902
1892.0,Jordan Crawford,903
1896.0,Cole Aldrich,904
1895.0,Omer Asik,905
1897.0,James Anderson,906
172.0,Paul George,907
1898.0,Gary Neal,908
204.0,Gordon Hayward,909
1891.0,Gary Forbes,910
1890.0,Jeremy Evans,911
153.0,Derrick Favors,912
1884.0,Damion James,913
325.0,Greg Monroe,914
1885.0,Landry Fields,915
332.0,Timofey Mozgov,916
1886.0,Andy Rautins,917
1894.0,Larry Sanders,918
1889.0,Jeff Adrien,919
451.0,Evan Turner,920
107.0,DeMarcus Cousins,921
245.0,Wesley Johnson,922
1882.0,Nikola Pekovic,923
1881.0,Pooh Jeter,924
474.0,Hassan Whiteside,925
1883.0,Lazar Hayward,926
1888.0,Dominique Jones,927
1887.0,Sherron Collins,928
189.0,Blake Griffin,929
51.0,Eric Bledsoe,930
10.0,Al-Farouq Aminu,931
467.0,John Wall,932
1900.0,Trevor Booker,933
1901.0,Hamady Ndiaye,934
1903.0,Luke Harangody,935
279.0,Jeremy Lin,936
1902.0,Samardo Samuels,937
1904.0,Kevin Seraphin,938
1905.0,Greivis Vasquez,939
1906.0,Tiago Splitter,940
1907.0,Willie Warren,941
1908.0,Elliot Williams,942
374.0,Quincy Pondexter,943
1910.0,Craig Brackins,944
1909.0,Solomon Alabi,945
1911.0,Ben Uzoh,946
118.0,Ed Davis,947
1912.0,Gani Lawal,948
59.0,Avery Bradley,949
453.0,Ekpe Udoh,950
365.0,Patrick Patterson,951
1913.0,Christian Eyenga,952
431.0,Lance Stephenson,953
1914.0,Zabian Dowdell,954
1915.0,Larry Owens,955
1916.0,Chris Johnson,956
1917.0,Pape Sy,957
1918.0,Marcus Cousin,958
1919.0,Jerel McNeal,959
1920.0,Patrick Ewing,960
1921.0,Dexter Pittman,961
1922.0,Marqus Blakely,962
1933.0,Norris Cole,963
1934.0,Terrel Harris,964
1923.0,Justin Harper,965
415.0,Iman Shumpert,966
1926.0,Josh Harrellson,967
326.0,E'Twaun Moore,968
1927.0,Jerome Jordan,969
1924.0,JaJuan Johnson,970
1932.0,Andrew Goudelock,971
79.0,Jimmy Butler,972
443.0,Klay Thompson,973
1930.0,Charles Jenkins,974
1928.0,Travis Leslie,975
258.0,Brandon Knight,976
1940.0,Vernon Macklin,977
228.0,Kyrie Irving,978
444.0,Tristan Thompson,979
404.0,Ricky Rubio,980
1941.0,Derrick Williams,981
1942.0,Malcolm Lee,982
1943.0,Nolan Smith,983
1947.0,Chris Singleton,984
291.0,Shelvin Mack,985
67.0,MarShon Brooks,986
274.0,Kawhi Leonard,987
1936.0,Jeremy Pargo,988
251.0,Cory Joseph,989
465.0,Kemba Walker,990
276.0,Jon Leuer,991
48.0,Bismack Biyombo,992
1945.0,Cory Higgins,993
1938.0,Jimmer Fredette,994
440.0,Isaiah Thomas,995
328.0,Marcus Morris,996
329.0,Markieff Morris,997
1948.0,Carldell Johnson,998
1949.0,Ivan Johnson,999
1935.0,Mickell Gladness,1000
253.0,Enes Kanter,1001
77.0,Alec Burks,1002
1937.0,Josh Selby,1003
1931.0,Jeremy Tyler,1004
460.0,Nikola Vucevic,1005
1929.0,Trey Thompkins,1006
1925.0,Greg Stiemsma,1007
442.0,Lance Thomas,1008
152.0,Kenneth Faried,1009
364.0,Chandler Parsons,1010
1951.0,Daniel Orton,1011
1950.0,Chris Wright,1012
1939.0,Tyler Honeycutt,1013
1952.0,Gustavo Ayon,1014
1953.0,Jordan Hamilton,1015
1946.0,Dennis Horner,1016
1956.0,Jordan Williams,1017
236.0,Reggie Jackson,1018
1957.0,Darius Morris,1019
1958.0,Mychel Thompson,1020
1959.0,Lavoy Allen,1021
1944.0,Darington Hobson,1022
1960.0,Donald Sloan,1023
200.0,Tobias Harris,1024
1954.0,Jan Vesely,1025
1961.0,Malcolm Thomas,1026
1955.0,Julyan Stone,1027
1962.0,Courtney Fortson,1028
1966.0,DeAndre Liggins,1029
1967.0,Walker Russell,1030
1963.0,Ryan Reid,1031
1964.0,Greg Smith,1032
1965.0,Eric Dawson,1033
1968.0,Jeff Foote,1034
1969.0,Jerry Smith,1035
1970.0,Edwin Ubiles,1036
1971.0,Justin Dentmon,1037
1972.0,Keith Benson,1038
1973.0,Jerome Dyson,1039
1974.0,D.J. Kennedy,1040
1976.0,Xavier Silas,1041
1975.0,Derrick Byars,1042
1977.0,Diamon Simpson,1043
1978.0,Jared Sullinger,1044
1979.0,Kris Joseph,1045
463.0,Dion Waiters,1046
37.0,Bradley Beal,1047
1983.0,Tyler Zeller,1048
112.0,Jae Crowder,1049
1980.0,Jared Cunningham,1050
1981.0,Bernard James,1051
1991.0,Kyle Singler,1052
1990.0,Kim English,1053
137.0,Andre Drummond,1054
1987.0,Terrence Jones,1055
315.0,Khris Middleton,1056
1988.0,Donatas Motiejunas,1057
117.0,Anthony Davis,1058
393.0,Austin Rivers,1059
317.0,Darius Miller,1060
1993.0,Brian Roberts,1061
1992.0,Nando De Colo,1062
2004.0,Tony Wroten,1063
2002.0,Maalik Wayns,1064
160.0,Evan Fournier,1065
2001.0,Quincy Miller,1066
1996.0,Thomas Robinson,1067
1997.0,Marquis Teague,1068
1984.0,Kevin Murphy,1069
278.0,Damian Lillard,1070
275.0,Meyers Leonard,1071
31.0,Will Barton,1072
1985.0,Victor Claver,1073
1982.0,Robert Sacre,1074
455.0,Jonas Valanciunas,1075
402.0,Terrence Ross,1076
1994.0,Ben Hansbrough,1077
30.0,Harrison Barnes,1078
1998.0,Festus Ezeli,1079
185.0,Draymond Green,1080
1999.0,Kendall Marshall,1081
2005.0,Perry Jones III,1082
267.0,Jeremy Lamb,1083
2008.0,Pablo Prigioni,1084
2009.0,Chris Copeland,1085
1986.0,Joel Freeland,1086
255.0,Michael Kidd-Gilchrist,1087
1995.0,Orlando Johnson,1088
2012.0,Andrew Nicholson,1089
352.0,Kyle O'Quinn,1090
2010.0,Doron Lamb,1091
2007.0,John Jenkins,1092
2006.0,Alexey Shved,1093
36.0,Kent Bazemore,1094
2011.0,Jeffery Taylor,1095
2016.0,Scott Machado,1096
2013.0,Tornike Shengelia,1097
2014.0,Tyshawn Taylor,1098
2018.0,Viacheslav Kravtsov,1099
2017.0,DeQuan Jones,1100
193.0,Maurice Harkless,1101
2000.0,Luke Zeller,1102
2003.0,Arnett Moultrie,1103
410.0,Mike Scott,1104
2019.0,Diante Garrett,1105
2015.0,Mirza Teletovic,1106
205.0,John Henson,1107
2021.0,Darius Johnson-Odom,1108
2020.0,Quincy Acy,1109
372.0,Miles Plumlee,1110
2022.0,Kevin Jones,1111
2023.0,Jarvis Varnado,1112
45.0,Patrick Beverley,1113
2024.0,Chris Johnson,1114
35.0,Aron Baynes,1115
2025.0,Fab Melo,1116
2026.0,Tim Ohlbrecht,1117
2027.0,Henry Sims,1118
2028.0,Chris Wright,1119
215.0,Justin Holiday,1120
2029.0,Josh Akognon,1121
357.0,Victor Oladipo,1122
212.0,Solomon Hill,1123
75.0,Reggie Bullock,1124
2030.0,Ryan Kelly,1125
426.0,Tony Snell,1126
2031.0,Erik Murphy,1127
86.0,Michael Carter-Williams,1128
2054.0,Brandon Davies,1129
2055.0,Hollis Thompson,1130
81.0,Kentavious Caldwell-Pope,1131
2039.0,Peyton Siva,1132
2040.0,Tony Mitchell,1133
2041.0,Gigi Datome,1134
2038.0,Glen Rice,1135
129.0,Gorgui Dieng,1136
2052.0,Robbie Hummel,1137
2053.0,Shabazz Muhammad,1138
309.0,Ben McLemore,1139
2032.0,Vitor Faverani,1140
358.0,Kelly Olynyk,1141
2033.0,Phil Pressey,1142
2034.0,Dwight Buycks,1143
2044.0,Nate Wolters,1144
191.0,Tim Hardaway Jr.,1145
15.0,Giannis Antetokounmpo,1146
2045.0,Miroslav Raduljica,1147
2042.0,Arinze Onuaku,1148
2036.0,Ognjen Kuzmic,1149
2035.0,Elias Harris,1150
2037.0,Nemanja Nedovic,1151
2048.0,Anthony Bennett,1152
371.0,Mason Plumlee,1153
123.0,Matthew Dellavedova,1154
491.0,Cody Zeller,1155
176.0,Rudy Gobert,1156
3.0,Steven Adams,1157
99.0,Ian Clark,1158
394.0,Andre Roberson,1159
409.0,Dennis Schroder,1160
2050.0,Gal Mekel,1161
2049.0,Pero Antic,1162
2051.0,Ricky Ledo,1163
2046.0,Nick Calathes,1164
273.0,Alex Len,1165
2056.0,Archie Goodwin,1166
2057.0,Dionte Christmas,1167
109.0,Allen Crabbe,1168
2058.0,Toure' Murry,1169
2043.0,Jeff Withey,1170
2047.0,Jamaal Franklin,1171
2059.0,James Southerland,1172
2060.0,Sergey Karasev,1173
2063.0,Chris Smith,1174
120.0,Dewayne Dedmon,1175
2064.0,Shane Larkin,1176
71.0,Lorenzo Brown,1177
76.0,Trey Burke,1178
2062.0,Carrick Felix,1179
2061.0,Ray McCallum,1180
376.0,Otto Porter Jr.,1181
82.0,Isaiah Canaan,1182
114.0,Seth Curry,1183
303.0,CJ McCollum,1184
348.0,James Nunnally,1185
108.0,Robert Covington,1186
2065.0,Vander Blue,1187
2066.0,Adonis Thomas,1188
2067.0,Chris Babb,1189
337.0,Mike Muscala,1190
116.0,Troy Daniels,1191
2068.0,Tony Mitchell,1192
2069.0,Justin Hamilton,1193
2070.0,Jorge Gutierrez,1194
2071.0,Shane Edwards,1195
1989.0,Royce White,1196
2072.0,Casper Ware,1197
430.0,DJ Stephens,1198
2073.0,Scotty Hopson,1199
2074.0,Willie Reed,1200
369.0,Elfrid Payton,1201
177.0,Aaron Gordon,1202
2075.0,Devyn Marble,1203
12.0,Kyle Anderson,1204
2076.0,Tarik Black,1205
100.0,Jordan Clarkson,1206
2077.0,Kostas Papanikolaou,1207
387.0,Julius Randle,1208
54.0,Bojan Bogdanovic,1209
420.0,Marcus Smart,1210
2083.0,Cory Jefferson,1211
475.0,Andrew Wiggins,1212
2086.0,Jordan Adams,1213
268.0,Zach LaVine,1214
349.0,Jusuf Nurkic,1215
130.0,Spencer Dinwiddie,1216
345.0,Nerlens Noel,1217
2079.0,KJ McDaniels,1218
2081.0,Damjan Rudez,1219
2080.0,JaKarr Sampson,1220
341.0,Shabazz Napier,1221
146.0,James Ennis III,1222
305.0,Doug McDermott,1223
321.0,Nikola Mirotic,1224
2089.0,Cameron Bairstow,1225
2090.0,Cleanthony Early,1226
2088.0,Tyler Ennis,1227
362.0,Jabari Parker,1228
2078.0,PJ Hairston,1229
218.0,Rodney Hood,1230
151.0,Dante Exum,1231
226.0,Joe Ingles,1232
429.0,Nik Stauskas,1233
197.0,Joe Harris,1234
2091.0,Travis Wear,1235
2093.0,Zoran Dragic,1236
2084.0,James Young,1237
2094.0,Nick Johnson,1238
2095.0,Andre Dawkins,1239
2087.0,Jarnell Stokes,1240
2085.0,Lucas Nogueira,1241
2096.0,Russ Smith,1242
83.0,Clint Capela,1243
2092.0,Alex Kirk,1244
2100.0,Kalin Lucas,1245
2098.0,Will Cherry,1246
2099.0,Bruno Caboclo,1247
2101.0,Erick Green,1248
395.0,Glenn Robinson III,1249
379.0,Dwight Powell,1250
2082.0,Shayne Whittington,1251
469.0,T.J. Warren,1252
2103.0,Drew Gordon,1253
196.0,Gary Harris,1254
2104.0,Markel Brown,1255
459.0,Noah Vonleh,1256
182.0,Jerami Grant,1257
2106.0,Eric Moreland,1258
2107.0,Grant Jerrett,1259
2105.0,CJ Wilcox,1260
2108.0,Ronald Roberts Jr.,1261
2109.0,Damien Inglis,1262
2110.0,Johnny O'Bryant III,1263
2111.0,Mitch McGary,1264
2112.0,Furkan Aldemir,1265
2113.0,Patrick Christopher,1266
2102.0,Adreian Payne,1267
2114.0,Elijah Millsap,1268
168.0,Langston Galloway,1269
244.0,Tyler Johnson,1270
2115.0,Larry Drew II,1271
2116.0,James Michael McAdoo,1272
187.0,JaMychal Green,1273
163.0,Tim Frazier,1274
2118.0,Joffrey Lauvergne,1275
2117.0,David Stockton,1276
2119.0,Jack Cooley,1277
2120.0,Bryce Cotton,1278
2121.0,Jerrelle Benimon,1279
2122.0,Jarell Eddie,1280
2123.0,Jabari Brown,1281
2124.0,Sean Kilpatrick,1282
2125.0,David Wear,1283
2126.0,Sim Bhullar,1284
243.0,Stanley Johnson,1285
2128.0,Lamar Patterson,1286
354.0,Jahlil Okafor,1287
304.0,T.J. McConnell,1288
217.0,Richaun Holmes,1289
486.0,Christian Wood,1290
403.0,Terry Rozier,1291
2137.0,Jordan Mickey,1292
485.0,Justise Winslow,1293
252.0,Frank Kaminsky,1294
2132.0,Aaron Harrison,1295
91.0,Willie Cauley-Stein,1296
208.0,Mario Hezonja,1297
360.0,Kelly Oubre Jr.,1298
2133.0,Joe Young,1299
380.0,Norman Powell,1300
452.0,Myles Turner,1301
105.0,Pat Connaughton,1302
333.0,Emmanuel Mudiay,1303
194.0,Montrezl Harrell,1304
121.0,Sam Dekker,1305
246.0,Nikola Jokic,1306
378.0,Kristaps Porzingis,1307
183.0,Jerian Grant,1308
2131.0,Rashad Vaughn,1309
57.0,Devin Booker,1310
11.0,Justin Anderson,1311
216.0,Rondae Hollis-Jefferson,1312
343.0,Raul Neto,1313
290.0,Trey Lyles,1314
2129.0,Sasha Kaun,1315
447.0,Karl-Anthony Towns,1316
49.0,Nemanja Bjelica,1317
405.0,D'Angelo Russell,1318
2135.0,Marcelo Huertas,1319
2136.0,Anthony Brown,1320
312.0,Salah Mejri,1321
2138.0,Edy Tavares,1322
2139.0,RJ Hunter,1323
2134.0,Luis Montero,1324
154.0,Cristiano Felicio,1325
368.0,Cameron Payne,1326
296.0,Boban Marjanovic,1327
340.0,Larry Nance Jr.,1328
377.0,Bobby Portis,1329
391.0,Josh Richardson,1330
2140.0,Duje Dukan,1331
249.0,Tyus Jones,1332
2141.0,Cliff Alexander,1333
487.0,Delon Wright,1334
298.0,Jarell Martin,1335
2130.0,Tibor Pleiss,1336
418.0,Jonathon Simmons,1337
2142.0,Josh Huestis,1338
2127.0,Darrun Hilliard,1339
2143.0,Branden Dawson,1340
2144.0,Rakeem Christmas,1341
2145.0,JJ O'Brien,1342
2146.0,Keith Appling,1343
2147.0,Bryce Dejean-Jones,1344
282.0,Kevon Looney,1345
310.0,Jordan McRae,1346
2148.0,Thanasis Antetokounmpo,1347
2149.0,Chris McCullough,1348
2150.0,Alex Stepheson,1349
2151.0,Axel Toupane,1350
2152.0,Briante Weber,1351
2153.0,Coty Clarke,1352
477.0,Alan Williams,1353
2154.0,Xavier Munford,1354
2155.0,John Holland,1355
207.0,Willy Hernangomez,1356
2156.0,Mindaugas Kuzminskas,1357
25.0,Ron Baker,1358
2158.0,Patrick McCaw,1359
159.0,Bryn Forbes,1360
2157.0,Nicolas Laprovittola,1361
2159.0,Joel Bolomboy,1362
269.0,Jake Layman,1363
2165.0,Nicolas Brussino,1364
158.0,Dorian Finney-Smith,1365
416.0,Pascal Siakam,1366
373.0,Jakob Poeltl,1367
2163.0,Michael Gbinije,1368
143.0,Henry Ellenson,1369
210.0,Buddy Hield,1370
335.0,Jamal Murray,1371
206.0,Juancho Hernangomez,1372
38.0,Malik Beasley,1373
127.0,Cheick Diallo,1374
70.0,Jaylen Brown,1375
232.0,Demetrius Jackson,1376
2160.0,Isaiah Whitehead,1377
65.0,Malcolm Brogdon,1378
181.0,Treveon Graham,1379
295.0,Thon Maker,1380
407.0,Dario Saric,1381
145.0,Joel Embiid,1382
406.0,Domantas Sabonis,1383
2164.0,Semaj Christon,1384
1.0,Alex Abrines,1385
288.0,Timothe Luwawu-Cabarrot,1386
227.0,Brandon Ingram,1387
307.0,Rodney McGruder,1388
198.0,Andrew Harrison,1389
139.0,Kris Dunn,1390
26.0,Wade Baldwin IV,1391
2162.0,Deyonta Davis,1392
97.0,Marquese Chriss,1393
454.0,Tyler Ulis,1394
43.0,Dragan Bender,1395
392.0,Malachi Richardson,1396
2170.0,Malcolm Delaney,1397
383.0,Taurean Prince,1398
2168.0,Daniel Ochefu,1399
42.0,DeAndre' Bembry,1400
2169.0,Sheldon Mac,1401
456.0,Denzel Valentine,1402
44.0,Davis Bertans,1403
2171.0,AJ Hammons,1404
2161.0,Kyle Wiltjer,1405
2173.0,Stephen Zimmerman,1406
2172.0,Kay Felder,1407
483.0,Troy Williams,1408
2174.0,Maurice Ndour,1409
334.0,Dejounte Murray,1410
344.0,Georges Niang,1411
408.0,Tomas Satoransky,1412
2167.0,Diamond Stone,1413
266.0,Skal Labissiere,1414
493.0,Ivica Zubac,1415
2175.0,Danuel House Jr.,1416
2166.0,Paul Zipser,1417
2177.0,Tim Quarterman,1418
157.0,Yogi Ferrell,1419
458.0,Fred VanVleet,1420
2178.0,Jonathan Gibson,1421
2179.0,Marshall Plumlee,1422
247.0,Derrick Jones Jr.,1423
277.0,Caris LeVert,1424
248.0,Damian Jones,1425
2180.0,Chinanu Onuaku,1426
2181.0,Pierre Jackson,1427
2176.0,Georgios Papagiannis,1428
386.0,Chasson Randle,1429
2182.0,Okaro White,1430
2183.0,Mike Tobey,1431
2184.0,Marcus Georges-Hunt,1432
2185.0,Brice Johnson,1433
106.0,Quinn Cook,1434
2186.0,Ben Bentil,1435
350.0,David Nwaba,1436
2187.0,Shawn Long,1437
2188.0,Jarrod Uthoff,1438
412.0,Wayne Selden,1439
2189.0,Gary Payton II,1440
381.0,Alex Poythress,1441
2190.0,Isaiah Taylor,1442
2191.0,Patricio Garino,1443
41.0,Jordan Bell,1444
434.0,Jayson Tatum,1445
353.0,Semi Ojeleye,1446
339.0,Abdel Nader,1447
439.0,Daniel Theis,1448
324.0,Malik Monk,1449
23.0,Dwayne Bacon,1450
254.0,Luke Kennard,1451
270.0,TJ Leaf,1452
14.0,Ike Anigbogu,1453
9.0,Jarrett Allen,1454
417.0,Ben Simmons,1455
165.0,Markelle Fultz,1456
322.0,Donovan Mitchell,1457
351.0,Royce O'Neale,1458
229.0,Jonathan Isaac,1459
4.0,Bam Adebayo,1460
47.0,Jabari Bird,1461
72.0,Sterling Brown,1462
473.0,Derrick White,1463
2198.0,Brandon Paul,1464
66.0,Dillon Brooks,1465
2192.0,Charles Cooke,1466
2193.0,Jalen Jones,1467
234.0,Josh Jackson,1468
433.0,Caleb Swanigan,1469
2195.0,Alec Peters,1470
2196.0,Mike James,1471
102.0,Zach Collins,1472
421.0,Dennis Smith Jr.,1473
101.0,John Collins,1474
257.0,Maxi Kleber,1475
2194.0,Josh Magette,1476
161.0,De'Aaron Fox,1477
235.0,Justin Jackson,1478
299.0,Frank Mason,1479
297.0,Lauri Markkanen,1480
18.0,OG Anunoby,1481
19.0,Ryan Arcidiacono,1482
308.0,Alfonzo McKinnie,1483
50.0,Antonio Blakeney,1484
156.0,Terrance Ferguson,1485
347.0,Frank Ntilikina,1486
2199.0,Dakari Johnson,1487
134.0,Damyean Dotson,1488
27.0,Lonzo Ball,1489
265.0,Kyle Kuzma,1490
437.0,Milos Teodosic,1491
89.0,Alex Caruso,1492
445.0,Sindarius Thornwell,1493
359.0,Cedi Osman,1494
2201.0,Gian Clavell,1495
202.0,Josh Hart,1496
488.0,Guerschon Yabusele,1497
133.0,Tyler Dorsey,1498
230.0,Wes Iwundu,1499
385.0,Ivan Rabb,1500
384.0,Zhou Qi,1501
2197.0,Matt Williams Jr.,1502
2203.0,Mangok Mathiang,1503
2204.0,Marcus Paige,1504
53.0,Bogdan Bogdanovic,1505
2205.0,Jawun Evans,1506
260.0,Furkan Korkmaz,1507
2206.0,Matt Costello,1508
2207.0,Jacob Wiley,1509
46.0,Khem Birch,1510
484.0,D.J. Wilson,1511
60.0,Tony Bradley,1512
492.0,Ante Zizic,1513
93.0,Tyler Cavanaugh,1514
74.0,Thomas Bryant,1515
2208.0,Derrick Walton Jr.,1516
478.0,C.J. Williams,1517
190.0,Daniel Hamilton,1518
2211.0,Antonius Cleveland,1519
2212.0,Jacob Pullen,1520
289.0,Tyler Lydon,1521
2209.0,Vincent Hunter,1522
2213.0,London Perrantes,1523
110.0,Torrey Craig,1524
2202.0,Kobi Simmons,1525
2210.0,Jamil Wilson,1526
2214.0,Yakuba Ouattara,1527
331.0,Johnathan Motley,1528
2216.0,Kadeem Allen,1529
2217.0,Jamel Artis,1530
2215.0,Malcolm Miller,1531
2218.0,Kyle Collinsworth,1532
2219.0,Milton Doyle,1533
323.0,Naz Mitrou-Long,1534
466.0,Tyrone Wallace,1535
390.0,Davon Reed,1536
2220.0,Reggie Hearn,1537
2222.0,Myke Henry,1538
2221.0,Nigel Hayes,1539
2223.0,Ben Moore,1540
2224.0,James Webb III,1541
2225.0,Josh Gray,1542
2226.0,Erik McCree,1543
261.0,Luke Kornet,1544
209.0,Isaiah Hicks,1545
330.0,Monte Morris,1546
233.0,Frank Jackson,1547
135.0,PJ Dozier,1548
2227.0,Andrew White III,1549
396.0,Devin Robinson,1550
2229.0,Walter Lemon Jr.,1551
2228.0,Trey McKinney-Jones,1552
199.0,Shaquille Harrison,1553
327.0,Jaylen Morris,1554
238.0,Amile Jefferson,1555
2230.0,Xavier Rathan-Mayes,1556
2231.0,Rodney Purvis,1557
2232.0,Jameel Warney,1558
272.0,Damion Lee,1559
58.0,Chris Boucher,1560
366.0,Justin Patton,1561
2233.0,Omari Johnson,1562
432.0,Edmond Sumner,1563
2234.0,Andre Ingram,1564
2235.0,Aaron Jackson,1565
414.0,Landry Shamet,1566
55.0,Jonah Bolden,1567
128.0,Hamidou Diallo,1568
78.0,Deonte Burton,1569
131.0,Donte DiVincenzo,1570
62.0,Miles Bridges,1571
69.0,Bruce Brown,1572
264.0,Rodions Kurucs,1573
281.0,Zach Lofton,1574
336.0,Dzanan Musa,1575
370.0,Theo Pinson,1576
231.0,Jaren Jackson Jr.,1577
213.0,Aaron Holiday,1578
28.0,Mo Bamba,1579
63.0,Isaiah Briscoe,1580
300.0,Yante Maten,1581
490.0,Trae Young,1582
449.0,Allonzo Trier,1583
259.0,Kevin Knox,1584
399.0,Mitchell Robinson,1585
428.0,Omari Spellman,1586
221.0,Kevin Huerter,1587
413.0,Collin Sexton,1588
480.0,Kenrich Williams,1589
98.0,Gary Clark,1590
201.0,Isaiah Hartenstein,1591
32.0,Keita Bates-Diop,1592
147.0,Drew Eubanks,1593
314.0,Chimezie Metu,1594
24.0,Marvin Bagley III,1595
174.0,Harry Giles III,1596
166.0,Wenyen Gabriel,1597
8.0,Grayson Allen,1598
175.0,Shai Gilgeous-Alexander,1599
471.0,Thomas Welsh,1600
398.0,Jerome Robinson,1601
22.0,Deandre Ayton,1602
132.0,Luka Doncic,1603
73.0,Jalen Brunson,1604
355.0,Elie Okobo,1605
61.0,Mikal Bridges,1606
64.0,Ryan Broekhoff,1607
427.0,Ray Spalding,1608
85.0,Wendell Carter Jr.,1609
222.0,Chandler Hutchison,1610
7.0,Rawle Alkins,1611
68.0,Troy Brown Jr.,1612
56.0,Isaac Bonga,1613
338.0,Svi Mykhailiuk,1614
468.0,Brad Wanamaker,1615
240.0,Alize Johnson,1616
148.0,Jacob Evans,1617
2.0,Jaylen Adams,1618
287.0,Jordan Loyd,1619
162.0,Melvin Frazier Jr.,1620
180.0,Devonte' Graham,1621
356.0,Josh Okogie,1622
292.0,Daryl Macon,1623
479.0,Johnathan Williams,1624
5.0,DeVaughn Akoon-Purcell,1625
476.0,Robert Williams III,1626
313.0,De'Anthony Melton,1627
397.0,Duncan Robinson,1628
419.0,Anfernee Simons,1629
462.0,Moritz Wagner,1630
142.0,Vincent Edwards,1631
438.0,Jared Terrell,1632
87.0,Jevon Carter,1633
441.0,Khyri Thomas,1634
126.0,Marcus Derrickson,1635
320.0,Shake Milton,1636
470.0,Yuta Watanabe,1637
3089.0,Gary Trent Jr.,1638
119.0,Tyler Davis,1639
3091.0,Brandon Goodwin,1640
3090.0,Jaron Blossomgame,1641
141.0,Trevon Duval,1642
256.0,George King,1643
149.0,Keenan Evans,1644
52.0,Trevon Bluiett,1645
92.0,Troy Caupain,1646
45947.0,Donte Grantham,1647
293.0,J.P. Macura,1648
464.0,Lonnie Walker IV,1649
3092.0,Haywood Highsmith,1650
3450.0,Deng Adel,1651
16.0,Kostas Antetokounmpo,1652
3943.0,Julian Washburn,1653
457.0,Jarred Vanderbilt,1654
5117.0,Mitchell Creek,1655
5279.0,Emanuel Terry,1656
5471.0,Brandon Sampson,1657
122.0,Angel Delgado,1658
46449661.0,Jordan Sibert,1659
50191.0,Bonzie Colson,1660
50815.0,BJ Johnson,1661
50966.0,Cameron Reynolds,1662
50609.0,Dairis Bertans,1663
50661.0,Chris Chiozza,1664
2116373.0,Dusty Hannahs,1665
50823.0,Jemerrio Jones,1666
425.0,Zhaire Smith,1667
50793.0,Isaac Humphries,1668
50737.0,Billy Garrett,1669
50729.0,Michael Frazier,1670
666692.0,Mfiondu Kabengele,1671
666743.0,Terance Mann,1672
667302.0,Nicolo Melli,1673
666530.0,Terence Davis,1674
666630.0,Dewan Hernandez,1675
666400.0,Nickeil Alexander-Walker,1676
666729.0,Nassir Little,1677
375.0,Michael Porter Jr.,1678
666429.0,Darius Bazley,1679
666697.0,Stanton Kidd,1680
666950.0,P.J. Washington,1681
666956.0,Coby White,1682
666577.0,Daniel Gafford,1683
666581.0,Darius Garland,1684
666849.0,Kevin Porter Jr.,1685
666517.0,Tyler Cook,1686
666940.0,Dean Wade,1687
666609.0,Rui Hachimura,1688
666885.0,Admiral Schofield,1689
666754.0,Garrison Mathews,1690
666871.0,Justin Robinson,1691
666633.0,Tyler Herro,1692
50927.0,Kendrick Nunn,1693
666786.0,Ja Morant,1694
666607.0,Marko Guduric,1695
666505.0,Brandon Clarke,1696
666894.0,Chris Silva,1697
666821.0,KZ Okpala,1698
666442.0,Goga Bitadze,1699
666523.0,Jarrett Culver,1700
666923.0,Matisse Thybulle,1701
666551.0,Carsen Edwards,1702
666965.0,Grant Williams,1703
666423.0,RJ Barrett,1704
666464.0,Ignas Brazdeikis,1705
666656.0,De'Andre Hunter,1706
666860.0,Cameron Reddish,1707
666564.0,Bruno Fernando,1708
666831.0,Eric Paschall,1709
666848.0,Jordan Poole,1710
666460.0,Ky Bowman,1711
666604.0,Javonte Green,1712
666747.0,Caleb Martin,1713
666748.0,Cody Martin,1714
666626.0,Jaxson Hayes,1715
666616.0,Jared Harper,1716
666672.0,Justin James,1717
666463.0,Jarrell Brantley,1718
666808.0,Zach Norvell Jr.,1719
666454.0,Jordan Bone,1720
666846.0,Vincent Poirier,1721
666560.0,Tacko Fall,1722
666919.0,Matt Thomas,1723
666679.0,Cameron Johnson,1724
666650.0,Talen Horton-Tucker,1725
666610.0,Devon Hall,1726
666713.0,Romeo Langford,1727
666509.0,Chris Clemons,1728
666543.0,Sekou Doumbouya,1729
666489.0,Vlatko Cancar,1730
666459.0,Brian Bowen II,1731
666824.0,Miye Oni,1732
666508.0,Nicolas Claxton,1733
666703.0,John Konchar,1734
666767.0,Jordan McLaughlin,1735
666809.0,Jaylen Nowell,1736
666474.0,Charles Brown,1737
666837.0,Norvel Pelle,1738
666476.0,Moses Brown,1739
666641.0,Jaylen Hoard,1740
666963.0,Nigel Williams-Goss,1741
666468.0,Oshae Brissett,1742
666751.0,Kelan Martin,1743
666675.0,DaQuan Jeffries,1744
666502.0,Zylan Cheatham,1745
666682.0,Keldon Johnson,1746
667378.0,Naz Reid,1747
666908.0,Max Strus,1748
666788.0,Juwan Morgan,1749
666608.0,Kyle Guy,1750
666952.0,Tremont Waters,1751
666847.0,Shamorie Ponds,1752
666891.0,Marial Shayok,1753
666676.0,Ty Jerome,1754
666541.0,Luguentz Dort,1755
666762.0,Jalen McDaniels,1756
666486.0,Devontae Cacok,1757
1358055.0,Anzejs Pasecniks,1758
666698.0,Louis King,1759
1280857.0,Kevin Hervey,1760
666930.0,Rayjon Tucker,1761
666900.0,Alen Smailagic,1762
666511.0,Amir Coffey,1763
666859.0,Josh Reaves,1764
1573276.0,Levi Randolph,1765
1567838.0,Paul Watson,1766
666976.0,Justin Wright-Foreman,1767
666720.0,Jalen Lecque,1768
1687493.0,Matt Mooney,1769
666969.0,Zion Williamson,1770
666783.0,Adam Mokoka,1771
666717.0,Vic Law,1772
666653.0,William Howard,1773
1603383.0,Gabe Vincent,1774
666873.0,Isaiah Roby,1775
666453.0,Marques Bolden,1776
666750.0,Jeremiah Martin,1777
1891701.0,Eric Mika,1778
666827.0,Tariq Owens,1779
666401.0,Kyle Alexander,1780
666925.0,Juan Toscano-Anderson,1781
666953.0,Quinndary Weatherspoon,1782
1986689.0,Malik Newman,1783
96.0,Joe Chealey,1784
666611.0,Donta Hall,1785
666794.0,Mychal Mulder,1786
666971.0,Dylan Windler,1787
666881.0,Luka Samanic,1788
2270852.0,Sir'Dominic Pointer,1789
666451.0,Bol Bol,1790
3547240.0,James Wiseman,1791
3547169.0,Reggie Perry,1792
3547247.0,Isaac Okoro,1793
3547239.0,LaMelo Ball,1794
3547252.0,Vernon Carey Jr.,1795
3547238.0,Anthony Edwards,1796
3547241.0,Killian Hayes,1797
3547256.0,Saddiq Bey,1798
3547259.0,Jaden McDaniels,1799
3547243.0,Obi Toppin,1800
3547269.0,Immanuel Quickley,1801
666818.0,Chuma Okeke,1802
3547251.0,Cole Anthony,1803
3547249.0,Precious Achiuwa,1804
3547245.0,Tyrese Haliburton,1805
3547304.0,Facundo Campazzo,1806
3547262.0,Jahmi'us Ramsey,1807
666446.0,Keljin Blevins,1808
3547095.0,Udoka Azubuike,1809
3547164.0,CJ Elleby,1810
3547242.0,Deni Avdija,1811
3547254.0,Tyrese Maxey,1812
3547302.0,Anthony Gill,1813
3547276.0,Payton Pritchard,1814
3547299.0,Sam Merrill,1815
3547248.0,Patrick Williams,1816
3547295.0,Nathan Knight,1817
3547289.0,Skylar Mays,1818
3547246.0,Devin Vassell,1819
3547287.0,Desmond Bane,1820
3547300.0,Sean McDermott,1821
3547274.0,Tre Jones,1822
3547275.0,Malachi Flynn,1823
3547264.0,Jalen Smith,1824
3547258.0,Josh Green,1825
3547296.0,Ty-Shon Alexander,1826
3547260.0,Kira Lewis Jr.,1827
3547207.0,Jordan Nwora,1828
3547250.0,Aaron Nesmith,1829
3547283.0,Markus Howard,1830
3547285.0,Xavier Tillman,1831
3547253.0,Theo Maledon,1832
3547271.0,Aleksej Pokusevski,1833
3547290.0,Josh Hall,1834
3547273.0,Cassius Stanley,1835
3547301.0,Jae'Sean Tate,1836
3547306.0,Brodric Thomas,1837
3547291.0,Mason Jones,1838
3547263.0,Daniel Oturu,1839
3547293.0,Naji Marshall,1840
3547267.0,Isaiah Stewart,1841
3547298.0,Saben Lee,1842
3547257.0,R.J. Hampton,1843
3547279.0,Lamar Stevens,1844
2309958.0,Jontay Porter,1845
3547282.0,Nick Richards,1846
3547284.0,Karim Mane,1847
3547272.0,Isaiah Joe,1848
3547197.0,Devon Dotson,1849
3547266.0,Elijah Hughes,1850
3547281.0,Nate Hinton,1851
666755.0,Dakota Mathias,1852
3547294.0,Kenyon Martin Jr.,1853
3547297.0,Trent Forrest,1854
3547261.0,Nico Mannion,1855
3547292.0,Jalen Harris,1856
3547265.0,Tyler Bey,1857
3547270.0,Paul Reed,1858
3547286.0,Cassius Winston,1859
3547244.0,Onyeka Okongwu,1860
3547303.0,Will Magnay,1861
3547255.0,Tyrell Terry,1862
3547288.0,Robert Woodard II,1863
666899.0,Deividas Sirvydis,1864
3547278.0,Ashton Hagans,1865
3547163.0,Mamadi Diakite,1866
3547215.0,Killian Tillie,1867
3547268.0,Zeke Nnaji,1868
3547277.0,Grant Riller,1869
3547305.0,Nate Darling,1870
7155648.0,Anthony Lamb,1871
9051997.0,Armoni Brooks,1872
3546977.0,Greg Whittington,1873
9177971.0,Devin Cannady,1874
9318184.0,Freddie Gillespie,1875
9338307.0,Malik Fitts,1876
666570.0,Robert Franks,1877
666467.0,Amida Brimah,1878
9530711.0,Gabriel Deck,1879
4197307.0,Marcos Louzada Silva,1880
11558583.0,Cameron Oliver,1881
3547280.0,Jay Scrubb,1882
11755528.0,Elijah Bryant,1883
17553992.0,Moses Moody,1884
17553995.0,Austin Reaves,1885
17896059.0,Sandro Mamukelashvili,1886
17896048.0,Cam Thomas,1887
18170939.0,Georgios Kalaitzakis,1888
17896030.0,Chris Duarte,1889
17896037.0,James Bouknight,1890
17896035.0,Isaiah Jackson,1891
17896032.0,Kai Jones,1892
17895983.0,Ayo Dosunmu,1893
17896056.0,Luka Garza,1894
17896063.0,Jericho Sims,1895
17895858.0,Quentin Grimes,1896
17896060.0,Sam Hauser,1897
17896076.0,Evan Mobley,1898
17896027.0,Ziaire Williams,1899
17896067.0,Santi Aldama,1900
17554003.0,RJ Nembhard Jr.,1901
18677986.0,Trey Murphy III,1902
17896024.0,Herbert Jones,1903
17896053.0,Aaron Henry,1904
4197105.0,Petr Cornelie,1905
17553994.0,Davion Mitchell,1906
17896028.0,Greg Brown III,1907
17896055.0,Scottie Barnes,1908
17896094.0,Dalano Banton,1909
17896039.0,Justin Champagnie,1910
17896045.0,Corey Kispert,1911
17896026.0,Franz Wagner,1912
17896073.0,Jalen Suggs,1913
17896051.0,Joshua Primo,1914
17896065.0,Josh Giddey,1915
17896036.0,Tre Mann,1916
18677954.0,Jared Butler,1917
17896021.0,Jeremiah Robinson-Earl,1918
4197387.0,Vit Krejci,1919
17895966.0,Jalen Green,1920
17896062.0,Alperen Sengun,1921
4197356.0,Leandro Bolmaro,1922
17896023.0,Josh Christopher,1923
17896022.0,Brandon Boston Jr.,1924
17896040.0,Jalen Johnson,1925
19465586.0,Kevin Pangos,1926
17553993.0,Joel Ayayi,1927
17895854.0,Charles Bassey,1928
17896097.0,Jose Alvarado,1929
17896029.0,Sharife Cooper,1930
17553997.0,Marcus Garrett,1931
17553988.0,Jeff Dowtin,1932
17896038.0,Day'Ron Sharpe,1933
17896033.0,Miles McBride,1934
18678057.0,Jamorko Pickett,1935
17895967.0,Isaiah Todd,1936
17896031.0,Nah'Shon Hyland,1937
19465326.0,Jock Landale,1938
17896041.0,Keon Johnson,1939
17554002.0,DeJon Jarreau,1940
17896089.0,Duane Washington Jr.,1941
17553979.0,Jonathan Kuminga,1942
17896075.0,Cade Cunningham,1943
17896070.0,Usman Garuba,1944
11891374.0,Omer Yurtseven,1945
17896103.0,Jay Huff,1946
17896025.0,Jaden Springer,1947
17896064.0,Joe Wieskamp,1948
17896078.0,Aaron Wiggins,1949
4197388.0,Marko Simonovic,1950
17896044.0,Kessler Edwards,1951
17896120.0,Ish Wainright,1952
17896042.0,Jason Preston,1953
17896058.0,Trendon Watford,1954
17895968.0,Daishen Nix,1955
17896020.0,David Johnson,1956
18678001.0,JT Thor,1957
17896106.0,Eugene Omoruyi,1958
17553967.0,Neemias Queta,1959
17553999.0,Chaundee Brown,1960
17896066.0,Yves Pons,1961
17554001.0,Javonte Smart,1962
4197232.0,Arnoldas Kulboka,1963
17896061.0,Scottie Lewis,1964
17896049.0,David Duke Jr.,1965
24102469.0,Malcolm Hill,1966
17896071.0,Isaiah Livers,1967
666598.0,Hassani Gravett,1968
23800531.0,Aleem Ford,1969
17895902.0,Tyler Hall,1970
17553983.0,Trevelin Queen,1971
17554000.0,JaQuori McLaughlin,1972
10384980.0,Myles Powell,1973
24102396.0,Trevon Scott,1974
17553986.0,Ade Murkey,1975
17896072.0,Moses Wright,1976
17554006.0,Jordan Schakel,1977
17896099.0,Carlik Jones,1978
17895839.0,Javin DeLaurier,1979
17896116.0,Terry Taylor,1980
24338188.0,Cat Barber,1981
24338541.0,Malik Ellison,1982
17895899.0,Shaq Buchanan,1983
17554005.0,Mac McClung,1984
24417679.0,Xavier Moon,1985
24590029.0,Craig Sword,1986
18678058.0,Jordan Goodwin,1987
24572055.0,Olivier Sarr,1988
17896009.0,Rob Edwards,1989
24489241.0,Cameron McGriff,1990
24489167.0,Brandon Williams,1991
24489019.0,Jarron Cumberland,1992
24590098.0,Justin Tillman,1993
17895769.0,Keifer Sykes,1994
24602685.0,Trayvon Palmer,1995
19465584.0,Micah Potter,1996
17895994.0,Xavier Sneed,1997
19465583.0,Jaime Echenique,1998
17895875.0,Aric Holman,1999
17896101.0,MJ Walker,2000
24839769.0,Paris Bass,2001
24850479.0,Jaysean Paige,2002
17895912.0,Ahmad Caver,2003
17896007.0,Braxton Key,2004
17895988.0,Jon Teske,2005
666960.0,Lindell Wigginton,2006
27924547.0,Lindy Waters III,2007
17896017.0,Matt Ryan,2008
30053472.0,Gabriel Lundberg,2009
17553987.0,Zavier Simpson,2010
17896074.0,McKinley Wright IV,2011
17896093.0,Feron Hunt,2012
17553998.0,D.J. Stewart Jr.,2013
31890572.0,Gabe York,2014
11314392.0,Luca Vildoza,2015
38017707.0,JD Davison,2016
38017697.0,Max Christie,2017
38017712.0,Ryan Rollins,2018
38017656.0,Scotty Pippen Jr.,2019
38017716.0,Ousmane Dieng,2020
38017703.0,Jalen Williams,2021
38017690.0,Shaedon Sharpe,2022
38017711.0,Jabari Walker,2023
38017705.0,Walker Kessler,2024
38017709.0,Christian Braun,2025
38017679.0,Jaden Hardy,2026
38017677.0,Dyson Daniels,2027
38017696.0,Nikola Jovic,2028
38017684.0,Jabari Smith Jr.,2029
38017695.0,Tari Eason,2030
38017689.0,AJ Griffin,2031
38017737.0,Trevor Hudgins,2032
38017710.0,Christian Koloko,2033
38017662.0,Isaiah Mobley,2034
38017686.0,Bennedict Mathurin,2035
38017687.0,Johnny Davis,2036
38017701.0,Kendall Brown,2037
38017683.0,Paolo Banchero,2038
38017682.0,Jaden Ivey,2039
38017694.0,Jalen Duren,2040
38017724.0,Caleb Houstan,2041
38017718.0,Buddy Boeheim,2042
38017607.0,Kevon Harris,2043
38017729.0,David Roddy,2044
38017728.0,Jake LaRavia,2045
38017702.0,Kennedy Chandler,2046
38017732.0,Kenneth Lofton Jr.,2047
38017699.0,Jeremy Sochan,2048
38017698.0,Mark Williams,2049
38017708.0,Bryce McGowens,2050
38017676.0,MarJon Beauchamp,2051
38017507.0,Andrew Nembhard,2052
38017692.0,Malaki Branham,2053
38017620.0,Ochai Agbaji,2054
38017704.0,Patrick Baldwin Jr.,2055
38017733.0,A.J. Green,2056
38017688.0,Keegan Murray,2057
38017700.0,Wendell Moore Jr.,2058
38017706.0,Jaylin Williams,2059
38017739.0,Simone Fontecchio,2060
38017722.0,Tyrese Martin,2061
38017734.0,Jamal Cain,2062
38017726.0,Dereon Seabron,2063
19465585.0,Dru Smith,2064
38017738.0,Chima Moneke,2065
38017693.0,Blake Wesley,2066
38017719.0,Dalen Terry,2067
38017630.0,Johnny Juzang,2068
38017731.0,Vince Williams Jr.,2069
38017725.0,Moussa Diabate,2070
38017713.0,Jordan Hall,2071
38124126.0,John Butler Jr.,2072
38017691.0,TyTy Washington Jr.,2073
39398582.0,Orlando Robinson,2074
38017721.0,Peyton Watson,2075
17554004.0,AJ Lawson,2076
38017649.0,Julian Champagnie,2077
38017735.0,Jack White,2078
38017717.0,Ron Harper Jr.,2079
38017730.0,Dominick Barlow,2080
38017678.0,Michael Foster Jr.,2081
39613724.0,Ibou Badji,2082
38017714.0,Keon Ellis,2083
38017723.0,Alondes Williams,2084
38017715.0,Josh Minott,2085
38017736.0,Cole Swider,2086
42097199.0,Jared Rhoden,2087
38017663.0,E.J. Liddell,2088
44477062.0,Jamaree Bouyea,2089
38017665.0,Darius Days,2090
44477024.0,Stanley Umude,2091
38017720.0,Trevor Keels,2092
44477085.0,Quenton Jackson,2093
45658838.0,Lester Quinones,2094
46658323.0,Xavier Cooks,2095
47738533.0,Jeenathan Williams,2096
47957121.0,Justin Minaya,2097
48248491.0,Chance Comanche,2098
48248287.0,Jacob Gilyard,2099
56677799.0,Trayce Jackson-Davis,2100
56677858.0,Brandin Podziemski,2101
38017727.0,Collin Gillespie,2102
56677582.0,Jalen Pickett,2103
56677836.0,Maxwell Lewis,2104
38017685.0,Chet Holmgren,2105
56677833.0,Cason Wallace,2106
56677857.0,Julian Phillips,2107
56677826.0,Ausar Thompson,2108
56677785.0,Jaime Jaquez Jr.,2109
56677792.0,Marcus Sasser,2110
56677729.0,Malcolm Cazalon,2111
56677828.0,Gradey Dick,2112
56677782.0,Leonard Miller,2113
56677847.0,Emoni Bates,2114
56677843.0,Noah Clowney,2115
56677844.0,Bilal Coulibaly,2116
56677825.0,Amen Thompson,2117
56677831.0,Cam Whitmore,2118
56677827.0,Anthony Black,2119
56677809.0,Jermaine Samuels Jr.,2120
4197162.0,Aleksandar Vezenkov,2121
56677834.0,Keyonte George,2122
56677824.0,Taylor Hendricks,2123
56677837.0,Jordan Hawkins,2124
56677830.0,GG Jackson,2125
666584.0,Kaiser Gates,2126
56677823.0,Brandon Miller,2127
56677846.0,Nick Smith Jr.,2128
56677838.0,Kobe Bufkin,2129
56677866.0,Leaky Black,2130
56677848.0,Amari Bailey,2131
56677747.0,Scoot Henderson,2132
56677850.0,Toumani Camara,2133
56677849.0,Kobe Brown,2134
56677791.0,Kris Murray,2135
56677829.0,Rayan Rupert,2136
56677840.0,Dereck Lively II,2137
56677822.0,Victor Wembanyama,2138
56677738.0,Colin Castleton,2139
56677776.0,Julian Strawther,2140
4197029.0,Vasilije Micic,2141
56677845.0,Colby Jones,2142
56677805.0,Javon Freeman-Liberty,2143
56677872.0,Craig Porter,2144
56677852.0,Andre Jackson Jr.,2145
17895941.0,Filip Petrusev,2146
56677806.0,Mouhamed Gueye,2147
56677868.0,D'Moi Hodge,2148
56677856.0,Jordan Miller,2149
56677867.0,Alex Fudge,2150
56677722.0,Jalen Wilson,2151
56677861.0,Ben Sheppard,2152
56677832.0,Jarace Walker,2153
56677859.0,Olivier-Maxence Prosper,2154
56677839.0,Jett Howard,2155
56677874.0,Onuralp Bitim,2156
56677817.0,Sidy Cissoko,2157
56677835.0,Jalen Hood-Schifino,2158
17895990.0,Jordan Ford,2159
56783340.0,Duop Reath,2160
56677869.0,Markquis Nowell,2161
56677865.0,Charles Bediako,2162
56677871.0,Hunter Tyson,2163
57875092.0,Gui Santos,2164
56677841.0,Dariq Whitehead,2165
56677860.0,Adama Sanogo,2166
56677873.0,Dexter Dennis,2167
56677854.0,Chris Livingston,2168
56677778.0,Oscar Tshiebwe,2169
56677795.0,Jacob Toppin,2170
64267203.0,Jules Bernard,2171
56677855.0,Seth Lundy,2172
64269817.0,Nathan Mensah,2173
64270311.0,Drew Peterson,2174
64270886.0,Dmytro Skapintsev,2175
56913527.0,Ricky Council IV,2176
56677853.0,Keyontae Johnson,2177
64270026.0,Pete Nance,2178
56677788.0,Terquavion Smith,2179
64269931.0,Taze Moore,2180
17896050.0,Matt Hurt,2181
64268019.0,Henri Drell,2182
64269023.0,Trey Jemison,2183
64268165.0,Tosan Evbuomwan,2184
56677864.0,Jordan Walsh,2185
377705601.0,Mouhamadou Gueye,2186
56677842.0,Brice Sensabaugh,2187
17896091.0,D.J. Carton,2188
17896092.0,Jalen Crutcher,2189
907726640.0,Andrew Funk,2190
1015289727.0,Jaylin Galloway,2191
1015298615.0,Izaiah Brockington,2192
56677862.0,Jalen Slawson,2193
1017051787.0,Maozinha Pereira,2194
1016384149.0,Tristan Vukcevic,2195
17896052.0,RaiQuan Gray,2196
1018685894.0,Malik Williams,2197
1019069810.0,Timmy Allen,2198
795959473.0,Pat Spencer,2199
