Player ID,Player Name
1041.0,Derek Fisher
346.0,Dirk Nowitzki
2968.0,Gary Payton
1009.0,Antoine Walker
1219.0,Devean George
1198.0,Antawn Jamison
735.0,Shaquille O'Neal
942.0,Michael Finley
583.0,Karl Malone
1039.0,Steve Nash
823.0,Bryon Russell
1050.0,Tony Delk
2929.0,Horace Grant
959.0,Travis Best
1414.0,Kareem Rush
1092.0,Danny Fortson
1413.0,Jannero Pargo
1288.0,Eduardo Najera
1472.0,Luke Walton
1470.0,Josh Howard
1043.0,Kobe Bryant
818.0,Shawn Bradley
1326.0,Slava Medvedenko
1471.0,Marquis Daniels
1037.0,Allen Iverson
461.0,Dwyane Wade
944.0,Eric Snow
881.0,Eddie Jones
2895.0,Derrick Coleman
892.0,Brian Grant
1233.0,Kenny Thomas
1014.0,John Wallace
1406.0,John Salmons
203.0,Udonis Haslem
886.0,Aaron McKie
1269.0,Rafer Alston
1309.0,Marc Jackson
1387.0,Malik Allen
1474.0,Willie Green
1357.0,Loren Woods
1055.0,Amal McCaskill
1054.0,Samaki Walker
262.0,Kyle Korver
1216.0,Lamar Odom
1393.0,Samuel Dalembert
577.0,Bimbo Coles
907.0,Glenn Robinson
1473.0,Jerome Beasley
1089.0,Tim Duncan
1027.0,Stephon Marbury
1224.0,Anthony Carter
1226.0,Shawn Marion
1412.0,Manu Ginobili
1364.0,Joe Johnson
1081.0,Bruce Bowen
1317.0,Jake Voskuhl
1049.0,Malik Rose
1475.0,Zarko Cabarkapa
1096.0,Ron Mercer
1433.0,Amar'e Stoudemire
1290.0,Hedo Turkoglu
731.0,Tom Gugliotta
738.0,Robert Horry
799.0,Anfernee Hardaway
1213.0,Rasho Nesterovic
1109.0,Brevin Knight
1028.0,Shane Heal
1434.0,Casey Jacobsen
363.0,Tony Parker
1455.0,Cezary Trybanski
579.0,Kevin Willis
1476.0,Leandro Barbosa
834.0,Allan Houston
1087.0,Tracy McGrady
978.0,Kurt Thomas
1441.0,Drew Gooden
1119.0,Keith Van Horn
922.0,Juwan Howard
1048.0,Shandon Anderson
1187.0,Tyronn Lue
878.0,Howard Eisley
1442.0,Gordan Giricek
918.0,Charlie Ward
1324.0,Donnell Harvey
660.0,Dikembe Mutombo
1173.0,Shammond Williams
1158.0,Michael Doleac
1490.0,Britton Johnsen
1415.0,Frank Williams
995.0,Andrew DeClercq
1492.0,Michael Sweetney
1351.0,Steven Hunter
1045.0,Othella Harrington
1491.0,Reece Gaines
737.0,Clar. Weatherspoon
361.0,Zaza Pachulia
111.0,Jamal Crawford
1374.0,Gilbert Arenas
874.0,Jalen Rose
1152.0,Larry Hughes
1376.0,Eddy Curry
1496.0,Jarvis Hayes
2933.0,Scottie Pippen
1368.0,Kwame Brown
1426.0,Lonny Baxter
1370.0,Etan Thomas
1292.0,Marcus Fizer
740.0,Christian Laettner
877.0,Donyell Marshall
1419.0,Juan Dixon
1239.0,Eddie Robinson
1391.0,Brendan Haywood
2952.0,Kendall Gill
1418.0,Jared Jeffries
1466.0,Roger Mason Jr.
1497.0,Steve Blake
815.0,Corie Blount
1170.0,Jahidi White
94.0,Tyson Chandler
801.0,Chris Whitney
539.0,Clifford Robinson
820.0,Calbert Cheaney
1429.0,Mike Dunleavy
1012.0,Erick Dampier
561.0,Avery Johnson
1355.0,Speedy Claxton
1489.0,Mickael Pietrus
1325.0,Brian Cardinal
1103.0,Adonal Foyle
828.0,Popeye Jones
1372.0,Jason Richardson
812.0,Nick Van Exel
1020.0,Ben Wallace
1249.0,Metta World Peace
1416.0,Tayshaun Prince
1059.0,Jermaine O'Neal
1245.0,Richard Hamilton
2890.0,Reggie Miller
1097.0,Chauncey Billups
697.0,Kenny Anderson
1417.0,Mehmet Okur
1241.0,Jeff Foster
2991.0,Elden Campbell
1172.0,Al Harrington
1236.0,Chucky Atkins
1118.0,Scot Pollard
990.0,Corliss Williamson
1344.0,Jamaal Tinsley
1362.0,Zeljko Rebraca
1132.0,Austin Croshere
1401.0,Tremaine Fowlkes
1447.0,Fred Jones
1495.0,Darko Milicic
1345.0,Primoz Brezec
966.0,Bob Sura
1121.0,Anthony Johnson
1168.0,Paul Pierce
1193.0,Raef LaFrentz
1394.0,Mike James
810.0,Vin Baker
938.0,Eric Williams
1366.0,Kedrick Brown
1090.0,Tony Battie
1493.0,Marcus Banks
1314.0,Mark Blount
1015.0,Walter McCarty
1428.0,Jiri Welsch
1215.0,Jumaine Jones
833.0,Antonio Davis
908.0,Jason Kidd
88.0,Vince Carter
1346.0,Richard Jefferson
1013.0,Jerome Williams
1024.0,Kerry Kittles
1218.0,Milt Palacio
1348.0,Jason Collins
884.0,Lamond Murray
1281.0,Kenyon Martin
1482.0,Chris Bosh
806.0,Rodney Rogers
1100.0,Alvin Williams
771.0,Alonzo Mourning
817.0,Michael Curry
855.0,Aaron Williams
1303.0,Morris Peterson
774.0,Doug Overton
1402.0,Mengke Bateer
1347.0,Brandon Armstrong
1421.0,Chris Jefferies
1469.0,Zoran Planinic
1313.0,Jerome Moiso
1399.0,Brian Scalabrine
750.0,Latrell Sprewell
1206.0,Brian Skinner
971.0,Kevin Garnett
957.0,Joe Smith
830.0,Sam Cassell
1287.0,Michael Redd
975.0,Fred Hoiberg
1283.0,Desmond Mason
1300.0,Mark Madsen
1116.0,Tim Thomas
1179.0,Michael Olowokandi
1025.0,Erick Strickland
950.0,Gary Trent
1203.0,Damon Jones
1477.0,Keith McLeod
816.0,Toni Kukoc
842.0,Ervin Johnson
1436.0,Dan Gadzuric
1478.0,Ndudi Ebi
1468.0,T.J. Ford
1375.0,Trenton Hassell
1437.0,Marcus Haislip
1220.0,Quincy Lewis
1305.0,Daniel Santiago
1162.0,Peja Stojakovic
237.0,LeBron James
2998.0,Vlade Divac
1155.0,Ricky Davis
1156.0,Brad Miller
1410.0,Carlos Boozer
1199.0,Mike Bibby
1107.0,Zydrunas Ilgauskas
795.0,Doug Christie
1295.0,Darius Miles
1091.0,Bobby Jackson
1427.0,J.R. Bremer
1343.0,Gerald Wallace
1367.0,DeSagana Diop
2988.0,Tony Massenburg
1279.0,Chris Mihm
1488.0,Darius Songaila
1084.0,Kevin Ollie
1225.0,Rodney Buford
1487.0,Jason Kapono
744.0,Anthony Peeler
1150.0,Jelani McCoy
1329.0,Jabari Smith
1120.0,Michael Stewart
1349.0,Carlos Arroyo
960.0,Damon Stoudamire
943.0,Greg Ostertag
948.0,Rasheed Wallace
1352.0,Andrei Kirilenko
388.0,Zach Randolph
1159.0,Matt Harpring
1202.0,Bonzi Wells
1339.0,Raja Bell
700.0,Dale Davis
1298.0,DeShawn Stevenson
1051.0,Jeff McInnis
1484.0,Sasha Pavlovic
1185.0,Ruben Patterson
1385.0,Jarron Collins
1151.0,Vladimir Stepania
1483.0,Ben Handlogten
765.0,Tracy Murray
1485.0,Raul Lopez
1108.0,Derek Anderson
1194.0,Keon Clark
1371.0,Ruben Boumtje-Boumtje
1486.0,Mo Williams
1424.0,Qyntel Woods
342.0,Nene 
993.0,Voshon Lenard
17.0,Carmelo Anthony
1016.0,Marcus Camby
1222.0,Andre Miller
1197.0,Earl Boykins
784.0,Jon Barry
1389.0,Chris Andersen
1494.0,Francisco Elson
1430.0,Nikoloz Tskitishvili
1228.0,Ryan Bowen
1363.0,Rodney White
831.0,P.J. Brown
1280.0,Stephen Jackson
1237.0,Baron Davis
1242.0,Jason Terry
843.0,George Lynch
1018.0,Shareef Abdur-Rahim
857.0,David Wesley
1244.0,Dion Glover
933.0,Darrell Armstrong
964.0,Theo Ratliff
1274.0,Jamaal Magloire
1154.0,Nazr Mohammed
758.0,Sean Rooks
1112.0,Jacque Vaughn
673.0,Stacey Augmon
1479.0,Boris Diaw
1196.0,Robert Traylor
1319.0,Lee Nailon
1481.0,David West
1106.0,Chris Crawford
675.0,Steven Smith
1480.0,Travis Hansen
1182.0,Bryce Drew
958.0,Alan Henderson
1341.0,Vladimir Radmanovic
1247.0,Elton Brand
940.0,Brent Barry
1297.0,Quentin Richardson
1438.0,Flip Murray
1235.0,Corey Maggette
1149.0,Rashard Lewis
1312.0,Eddie House
1435.0,Reggie Evans
1369.0,Bobby Simmons
1272.0,Calvin Booth
1388.0,Predrag Drobnjak
1404.0,Ansu Sesay
1422.0,Chris Wilcox
1500.0,Luke Ridnour
1296.0,Keyon Dooling
1501.0,Richie Frahm
1423.0,Marko Jaric
1022.0,Vitaly Potapenko
1499.0,Chris Kaman
1086.0,Antonio Daniels
1459.0,Melvin Ely
1163.0,Jerome James
1337.0,Wang Zhi-zhi
1184.0,Cuttino Mobley
1099.0,Kelvin Cato
1232.0,Steve Francis
793.0,Jim Jackson
1445.0,Yao Ming
1446.0,Bostjan Nachbar
1101.0,Maurice Taylor
1498.0,Torraye Braggs
1063.0,Moochie Norris
1221.0,Scott Padgett
1462.0,Mike Wilks
968.0,John Amaechi
170.0,Pau Gasol
1161.0,Jason Williams
1299.0,Mike Miller
1227.0,James Posey
1285.0,Stromile Swift
1033.0,Lorenzen Wright
1378.0,Shane Battier
896.0,Wesley Person
1342.0,Earl Watson
866.0,Bo Outlaw
1502.0,Troy Bell
1308.0,Jake Tsakalidis
1340.0,Jason Hart
1315.0,Dan Langhi
1503.0,Kirk Penney
1507.0,Keith Bogans
1176.0,Pat Garrity
1449.0,Tamar Slay
1504.0,Matt Carroll
1505.0,Kirk Hinrich
1506.0,Linton Johnson
1286.0,Joel Przybilla
1451.0,Devin Brown
1323.0,Ira Newble
1439.0,Caron Butler
620.0,Tyrone Hill
1511.0,Curtis Borchardt
1510.0,Theron Smith
1448.0,Dan Dickau
1512.0,Travis Outlaw
1125.0,Rick Brunson
835.0,Lindsey Hunter
935.0,Cherokee Parks
1353.0,Alton Ford
1210.0,Bruno Sundov
1465.0,Jamal Sampson
1513.0,Kendrick Perkins
1460.0,Sean Lampley
668.0,Robert Pack
508.0,Glen Rice
1271.0,Derrick Dial
1026.0,Darvin Ham
2932.0,Scott Williams
1514.0,Dahntay Jones
883.0,Eric Piatkowski
1267.0,Greg Buckner
827.0,Lucious Harris
3022.0,Rod Strickland
1452.0,Robert Archibald
757.0,Hubert Davis
821.0,Mitchell Butler
965.0,Antonio McDyess
2970.0,Olden Polynice
1386.0,Jamison Brewer
1320.0,Zendon Hamilton
1356.0,Damone Brown
1440.0,Rasual Butler
761.0,Oliver Miller
1373.0,Troy Murphy
1515.0,Kaniel Dickens
1113.0,Troy Hudson
1382.0,Jeff Trepagnier
1517.0,James Jones
1123.0,Lawrence Funderburke
1516.0,Brian Cook
910.0,Monty Williams
1157.0,Mikki Moore
1036.0,Ray Allen
1518.0,Brandon Hunter
1191.0,Paul Grant
1508.0,Alex Garcia
1248.0,Michael Ruffin
1509.0,Maciej Lampe
1519.0,Slavko Vranes
1456.0,Dajuan Wagner
1330.0,Mamadou N'diaye
994.0,Anthony Goldwire
1520.0,Ronald Dupree
1521.0,Ime Udoka
1264.0,Jonathan Bender
2962.0,Mark Jackson
1095.0,Mark Pope
1522.0,Matt Barnes
670.0,Rick Fox
826.0,Jamal Mashburn
1360.0,Tierre Brown
929.0,Darrick Martin
946.0,Jerry Stackhouse
1523.0,Maurice Carter
1276.0,DerMarr Johnson
1405.0,Omar Cook
1229.0,Adrian Griffin
1336.0,Eddie Gill
847.0,Chris Webber
1251.0,Wally Szczerbiak
809.0,Chris Mills
1350.0,Michael Bradley
1524.0,Desmond Penigar
1525.0,Hiram Fuller
1133.0,Rusty LaRue
1409.0,Ryan Humphrey
1463.0,Paul Shirley
1304.0,Jason Collier
1526.0,Josh Davis
2957.0,Charles Oakley
1527.0,Desmond Ferguson
1046.0,Randy Livingston
1302.0,Mateen Cleaves
1254.0,Leon Smith
2966.0,Dana Barros
1384.0,Ernest Brown
1529.0,Carlos Delfino
1528.0,Sasha Vujacic
195.0,Devin Harris
1395.0,Maurice Evans
1530.0,Kevin Martin
1532.0,DJ Mbenga
1531.0,Erik Daniels
1551.0,Beno Udrih
1541.0,Josh Smith
1542.0,Josh Childress
1544.0,Jackson Vroman
1543.0,Royal Ivey
880.0,Anthony Miller
1545.0,Yuta Tabuse
1548.0,Andris Biedrins
1547.0,Sebastian Telfair
220.0,Dwight Howard
879.0,Grant Hill
1533.0,Jameer Nelson
20.0,Trevor Ariza
1358.0,Eddie Griffin
1554.0,David Harrison
1555.0,John Edwards
1556.0,Luke Jackson
1557.0,Anderson Varejao
424.0,JR Smith
280.0,Shaun Livingston
1536.0,Nick Collison
1537.0,Robert Swift
1539.0,Lionel Chalmers
1538.0,Damien Wilkins
1540.0,Quinton Ross
224.0,Andre Iguodala
1552.0,Tony Allen
1553.0,Al Jefferson
1558.0,Nenad Krstic
1550.0,Matt Bonner
1549.0,Rafael Araujo
1246.0,Laron Profit
1546.0,Peter John Ramos
1534.0,Kirk Snyder
1535.0,Kris Humphries
1559.0,Emeka Okafor
1560.0,Bernard Robinson
1561.0,Andres Nocioni
124.0,Luol Deng
1564.0,Chris Duhon
1562.0,Ben Gordon
1563.0,Jared Reiner
1565.0,Mario Kasun
1431.0,Junior Harrington
1567.0,Geno Carlisle
1566.0,Pape Sow
1568.0,Awvee Storey
1569.0,Tim Pickett
1411.0,Smush Parker
1570.0,Matt Freije
1572.0,Justin Reed
1571.0,Andre Barrett
1574.0,Delonte West
1573.0,Donta Smith
1231.0,Aleksandar Radojevic
1575.0,Horace Jenkins
1576.0,Corsley Edwards
1577.0,Antonio Burks
1578.0,Tony Bobbitt
1579.0,Luis Flores
1580.0,Ibrahim Kutluay
1581.0,Ha Ha
1582.0,James Thomas
1098.0,John Thomas
1217.0,Obinna Ekezie
1583.0,Andre Emmett
1584.0,Brandin Knight
1585.0,Billy Thomas
1167.0,Sean Marks
1289.0,Courtney Alexander
1586.0,Viktor Khryapa
1587.0,Dorell Wright
1588.0,Maurice Baker
1589.0,Pavel Podkolzin
1256.0,Jermaine Jackson
981.0,Cory Alexander
1590.0,Jackie Butler
1591.0,Mark Jones
367.0,Chris Paul
1597.0,Francisco Garcia
1599.0,Brandon Bass
1600.0,Arvydas Macijauskas
1598.0,Ronnie Price
1408.0,Pat Burke
1596.0,Dijon Thompson
1595.0,Josh Powell
1593.0,Andrew Bogut
1354.0,Charlie Bell
1594.0,Deng Gai
481.0,Lou Williams
1592.0,Fabricio Oberto
1627.0,Charlie Villanueva
1626.0,Joey Graham
80.0,Jose Calderon
1625.0,Donell Taylor
1629.0,Luther Head
1616.0,Sarunas Jasikevicius
1617.0,Danny Granger
1618.0,Travis Diener
1361.0,Terence Morris
1606.0,Lawrence Roberts
1603.0,Earl Barron
1604.0,Wayne Simien
1607.0,Hakim Warrick
1605.0,Matt Walsh
155.0,Raymond Felton
1615.0,Sean May
482.0,Marvin Williams
1632.0,Chris Taft
1630.0,Salim Stoudamire
1633.0,Aaron Miles
1631.0,Esteban Batista
1624.0,Orien Greene
1622.0,Nate Robinson
1623.0,Ryan Gomes
164.0,Channing Frye
1611.0,James Singleton
1610.0,Daniel Ewing
1614.0,Johan Petro
1612.0,Yaroslav Korolev
1628.0,Jason Maxiell
1601.0,Deron Williams
1602.0,Robert Whaley
1128.0,Charles Smith
1621.0,Rashad McCants
1619.0,Jarrett Jack
1620.0,Martell Webster
1609.0,Linas Kleiza
1608.0,Andrew Bynum
1634.0,Devin Green
637.0,Kevin Pritchard
1613.0,Boniface Ndong
1635.0,Monta Ellis
1636.0,Kevin Burleson
1638.0,Andre Owens
1640.0,Martynas Andriuskevicius
1639.0,Eddie Basden
1637.0,Sergei Monia
1641.0,David Lee
1645.0,Shavlik Randolph
1643.0,Andray Blatche
1644.0,Melvin Sanders
1646.0,Sharrod Ford
1647.0,Alan Anderson
316.0,CJ Miles
1648.0,Julius Hodge
1649.0,Rawle Marshall
1650.0,Alex Scales
1651.0,Gerald Fitch
1642.0,Von Wafer
1653.0,Antoine Wright
1652.0,Ike Diogu
186.0,Gerald Green
1654.0,Anthony Roberson
1655.0,Stephen Graham
1656.0,John Lucas III
1657.0,Randy Holcomb
1658.0,Sean Banks
1659.0,Alex Acker
1660.0,Bracey Wright
1661.0,Chuck Hayes
241.0,Amir Johnson
1662.0,Ronny Turiaf
1663.0,Dwayne Jones
1664.0,James Lang
1665.0,Noel Felix
1666.0,Luke Schenscher
1667.0,Will Bynum
1668.0,Anthony Grundy
1669.0,Derrick Zimmerman
1672.0,Chris Quinn
1671.0,Tyrus Thomas
411.0,Thabo Sefolosha
1673.0,Robert Hite
1670.0,Jordan Farmar
1678.0,Craig Smith
1677.0,Randy Foye
225.0,Ersan Ilyasova
1680.0,Damir Markota
1681.0,David Noel
1692.0,Adam Morrison
1273.0,Maceo Baston
1693.0,Walter Herrmann
1139.0,Anthony Parker
1701.0,Marcus Williams
1699.0,Jorge Garbajosa
1702.0,Hassan Adams
1700.0,Andrea Bargnani
1703.0,Mile Ilic
450.0,PJ Tucker
1694.0,Shelden Williams
1697.0,Rodney Carney
1695.0,Solomon Jones
1696.0,Cedric Bozeman
1698.0,Ivan McFarlin
1682.0,Paul Davis
171.0,Rudy Gay
286.0,Kyle Lowry
1683.0,Renaldo Balkman
1684.0,Mardy Collins
1685.0,Alexander Johnson
1679.0,Patrick O'Bryant
400.0,Rajon Rondo
1674.0,Cedric Simmons
1675.0,Hilton Armstrong
1676.0,Leon Powe
1689.0,Brandon Roy
1690.0,Mouhamed Sene
1691.0,Mickael Gelabale
1688.0,Ronnie Brewer
1686.0,Steve Novak
318.0,Paul Millsap
1687.0,Vassilis Spanoulis
1704.0,Yakhouba Diawara
1705.0,Maurice Ager
1706.0,Pops Mensah-Bonsu
1707.0,Sergio Rodriguez
1708.0,Shannon Brown
389.0,JJ Redick
29.0,J.J. Barea
1709.0,Dee Brown
6.0,LaMarcus Aldridge
1712.0,Roger Powell
1711.0,Bobby Jones
1710.0,Andreas Glyniadakis
1713.0,Tarence Kinsey
1714.0,Allan Ray
1715.0,Quincy Douby
1716.0,Daniel Gibson
1717.0,Marcus Vinicius
1718.0,Chris McCray
1719.0,Desmon Farmer
1720.0,Steven Smith
1721.0,Lynn Greer
1722.0,Uros Slokar
1723.0,Josh Boone
1724.0,Will Blalock
1728.0,Shawne Williams
1729.0,James Augustine
1725.0,James White
1730.0,Kelenna Azubuike
1726.0,Andre Brown
1731.0,Justin Williams
1732.0,Ryan Hollins
1727.0,Renaldo Major
1733.0,Will Conroy
1734.0,Jeremy Richardson
1735.0,Lou Amundson
1736.0,Randolph Morris
1737.0,Mike Hall
1738.0,Kevinn Pinkney
1742.0,Darius Washington
294.0,Ian Mahinmi
1741.0,Taurean Green
40.0,Marco Belinelli
1739.0,Luis Scola
1740.0,Coby Karl
1745.0,Yi Jianlian
1750.0,Juan Carlos Navarro
104.0,Mike Conley
423.0,Jason Smith
489.0,Thaddeus Young
1751.0,Nick Fazekas
140.0,Kevin Durant
188.0,Jeff Green
1746.0,Nick Young
1749.0,Courtney Sims
1747.0,Dominic McGuire
1748.0,Oleksiy Pecherov
1743.0,Aaron Gray
1744.0,Sean Williams
1752.0,Darryl Watkins
1753.0,Mustafa Shakur
1754.0,Julian Wright
1757.0,Arron Afflalo
1758.0,Daequan Cook
1755.0,DJ Strawberry
1756.0,Alando Tucker
1762.0,Javaris Crittenton
138.0,Jared Dudley
1759.0,Jermareo Davidson
1764.0,Corey Brewer
1765.0,Chris Richard
219.0,Al Horford
1760.0,Acie Law
1761.0,Mario West
1763.0,Glen Davis
1767.0,Al Thornton
1766.0,Stephane Lasme
1768.0,Brandan Wright
1769.0,Jamario Moon
95.0,Wilson Chandler
179.0,Marcin Gortat
1770.0,Demetris Nichols
1771.0,Joakim Noah
1772.0,Morris Almond
1773.0,Gabe Pruitt
1774.0,Joel Anthony
1775.0,Spencer Hawes
1776.0,Brandon Wallace
1777.0,Aaron Brooks
1779.0,Kosta Perovic
1778.0,Cheikh Samb
1780.0,Thomas Gardner
1781.0,Carl Landry
1782.0,Josh McRoberts
1783.0,Kyrylo Fesenko
1784.0,Rodney Stuckey
1785.0,Marcus Williams
1786.0,Keith Langford
1788.0,C.J. Watson
1787.0,Guillermo Diaz
1789.0,Adam Haluska
1790.0,JamesOn Curry
1791.0,Ramon Sessions
1792.0,Mike Harris
1793.0,Lance Allred
1794.0,Blake Ahearn
1795.0,Kasib Powell
1796.0,JJ Hickson
1799.0,Rudy Fernandez
34.0,Jerryd Bayless
1798.0,Greg Oden
33.0,Nicolas Batum
401.0,Derrick Rose
302.0,Luc Mbah a Moute
1797.0,Joe Alexander
271.0,Courtney Lee
1803.0,Brandon Rush
1804.0,Roy Hibbert
136.0,Goran Dragic
284.0,Robin Lopez
211.0,George Hill
1807.0,Sean Singletary
283.0,Brook Lopez
306.0,JaVale McGee
13.0,Ryan Anderson
1800.0,Chris Douglas-Roberts
1801.0,Mario Chalmers
39.0,Michael Beasley
167.0,Danilo Gallinari
472.0,Russell Westbrook
1802.0,Kyle Weaver
178.0,Eric Gordon
1810.0,Mike Taylor
1815.0,Roko Ukic
1379.0,Will Solomon
1808.0,Jason Thompson
285.0,Kevin Love
1809.0,Bobby Brown
263.0,Kosta Koufos
1811.0,O.J. Mayo
169.0,Marc Gasol
1812.0,Darrell Arthur
1814.0,Joey Dorsey
1813.0,Hamed Haddadi
1805.0,DeMarcus Nelson
1806.0,Anthony Randolph
21.0,D.J. Augustin
1816.0,Alexis Ajinca
1817.0,Sonny Weems
1819.0,Donte Greene
1818.0,Marreese Speights
250.0,DeAndre Jordan
1821.0,Rob Kurz
1820.0,Walter Sharpe
1822.0,Henry Walker
1823.0,Anthony Morrow
446.0,Anthony Tolliver
1824.0,Othello Hunter
1825.0,Steven Hill
1826.0,Darnell Jackson
1828.0,Jawad Williams
1827.0,Sun Sun
1829.0,Nathan Jawai
1830.0,Cartier Martin
1831.0,Malik Hairston
1832.0,J.R. Giddens
1833.0,Trey Johnson
1834.0,Joe Crawford
1836.0,DJ White
1835.0,Dontell Jefferson
1837.0,Chris Hunter
1838.0,Rodrigue Beaubois
1842.0,Lester Hudson
1839.0,David Andersen
1840.0,Chase Budinger
113.0,Dante Cunningham
1841.0,Jermaine Taylor
125.0,DeMar DeRozan
435.0,Jeff Teague
1844.0,AJ Price
1850.0,Toney Douglas
1851.0,Jordan Hill
1852.0,Marcus Landry
84.0,DeMarre Carroll
1854.0,Hasheem Thabeet
1855.0,Sam Young
1853.0,Austin Daye
1856.0,Trey Gilder
239.0,Jonas Jerebko
1859.0,Jonny Flynn
1858.0,Terrence Williams
144.0,Wayne Ellington
150.0,Tyreke Evans
90.0,Omri Casspi
192.0,James Harden
223.0,Serge Ibaka
1847.0,Jon Brockman
1843.0,DeJuan Blair
103.0,Darren Collison
1849.0,Ty Lawson
301.0,Wesley Matthews
1848.0,Eric Maynor
115.0,Stephen Curry
1857.0,Earl Clark
1845.0,Gerald Henderson
1846.0,Derrick Brown
173.0,Taj Gibson
242.0,James Johnson
1860.0,Brandon Jennings
214.0,Jrue Holiday
1861.0,DaJuan Summers
1862.0,Taylor Griffin
311.0,Jodie Meeks
184.0,Danny Green
1864.0,Marcus Thornton
1863.0,Tyler Hansbrough
1865.0,Jeff Ayres
1866.0,Byron Mullens
319.0,Patty Mills
1867.0,Sundiata Gaines
1868.0,Cedric Jackson
436.0,Garrett Temple
1869.0,Antonio Anderson
1870.0,Reggie Williams
1871.0,Othyus Jeffers
1872.0,Alonzo Gee
1874.0,Kenny Hasbrouck
1873.0,Oliver Lafayette
1880.0,Semih Erden
1875.0,Derrick Caracter
422.0,Ish Smith
1876.0,Devin Ebanks
1878.0,Armon Johnson
1879.0,Luke Babbitt
1877.0,Garret Siler
1899.0,Manny Harris
1893.0,Xavier Henry
1892.0,Jordan Crawford
1896.0,Cole Aldrich
1895.0,Omer Asik
1897.0,James Anderson
172.0,Paul George
1898.0,Gary Neal
204.0,Gordon Hayward
1891.0,Gary Forbes
1890.0,Jeremy Evans
153.0,Derrick Favors
1884.0,Damion James
325.0,Greg Monroe
1885.0,Landry Fields
332.0,Timofey Mozgov
1886.0,Andy Rautins
1894.0,Larry Sanders
1889.0,Jeff Adrien
451.0,Evan Turner
107.0,DeMarcus Cousins
245.0,Wesley Johnson
1882.0,Nikola Pekovic
1881.0,Pooh Jeter
474.0,Hassan Whiteside
1883.0,Lazar Hayward
1888.0,Dominique Jones
1887.0,Sherron Collins
189.0,Blake Griffin
51.0,Eric Bledsoe
10.0,Al-Farouq Aminu
467.0,John Wall
1900.0,Trevor Booker
1901.0,Hamady Ndiaye
1903.0,Luke Harangody
279.0,Jeremy Lin
1902.0,Samardo Samuels
1904.0,Kevin Seraphin
1905.0,Greivis Vasquez
1906.0,Tiago Splitter
1907.0,Willie Warren
1908.0,Elliot Williams
374.0,Quincy Pondexter
1910.0,Craig Brackins
1909.0,Solomon Alabi
1911.0,Ben Uzoh
118.0,Ed Davis
1912.0,Gani Lawal
59.0,Avery Bradley
453.0,Ekpe Udoh
365.0,Patrick Patterson
1913.0,Christian Eyenga
431.0,Lance Stephenson
1914.0,Zabian Dowdell
1915.0,Larry Owens
1916.0,Chris Johnson
1917.0,Pape Sy
1918.0,Marcus Cousin
1919.0,Jerel McNeal
1920.0,Patrick Ewing
1921.0,Dexter Pittman
1922.0,Marqus Blakely
1933.0,Norris Cole
1934.0,Terrel Harris
1923.0,Justin Harper
415.0,Iman Shumpert
1926.0,Josh Harrellson
326.0,E'Twaun Moore
1927.0,Jerome Jordan
1924.0,JaJuan Johnson
1932.0,Andrew Goudelock
79.0,Jimmy Butler
443.0,Klay Thompson
1930.0,Charles Jenkins
1928.0,Travis Leslie
258.0,Brandon Knight
1940.0,Vernon Macklin
228.0,Kyrie Irving
444.0,Tristan Thompson
404.0,Ricky Rubio
1941.0,Derrick Williams
1942.0,Malcolm Lee
1943.0,Nolan Smith
1947.0,Chris Singleton
291.0,Shelvin Mack
67.0,MarShon Brooks
274.0,Kawhi Leonard
1936.0,Jeremy Pargo
251.0,Cory Joseph
465.0,Kemba Walker
276.0,Jon Leuer
48.0,Bismack Biyombo
1945.0,Cory Higgins
1938.0,Jimmer Fredette
440.0,Isaiah Thomas
328.0,Marcus Morris
329.0,Markieff Morris
1948.0,Carldell Johnson
1949.0,Ivan Johnson
1935.0,Mickell Gladness
253.0,Enes Kanter
77.0,Alec Burks
1937.0,Josh Selby
1931.0,Jeremy Tyler
460.0,Nikola Vucevic
1929.0,Trey Thompkins
1925.0,Greg Stiemsma
442.0,Lance Thomas
152.0,Kenneth Faried
364.0,Chandler Parsons
1951.0,Daniel Orton
1950.0,Chris Wright
1939.0,Tyler Honeycutt
1952.0,Gustavo Ayon
1953.0,Jordan Hamilton
1946.0,Dennis Horner
1956.0,Jordan Williams
236.0,Reggie Jackson
1957.0,Darius Morris
1958.0,Mychel Thompson
1959.0,Lavoy Allen
1944.0,Darington Hobson
1960.0,Donald Sloan
200.0,Tobias Harris
1954.0,Jan Vesely
1961.0,Malcolm Thomas
1955.0,Julyan Stone
1962.0,Courtney Fortson
1966.0,DeAndre Liggins
1967.0,Walker Russell
1963.0,Ryan Reid
1964.0,Greg Smith
1965.0,Eric Dawson
1968.0,Jeff Foote
1969.0,Jerry Smith
1970.0,Edwin Ubiles
1971.0,Justin Dentmon
1972.0,Keith Benson
1973.0,Jerome Dyson
1974.0,D.J. Kennedy
1976.0,Xavier Silas
1975.0,Derrick Byars
1977.0,Diamon Simpson
1978.0,Jared Sullinger
1979.0,Kris Joseph
463.0,Dion Waiters
37.0,Bradley Beal
1983.0,Tyler Zeller
112.0,Jae Crowder
1980.0,Jared Cunningham
1981.0,Bernard James
1991.0,Kyle Singler
1990.0,Kim English
137.0,Andre Drummond
1987.0,Terrence Jones
315.0,Khris Middleton
1988.0,Donatas Motiejunas
117.0,Anthony Davis
393.0,Austin Rivers
317.0,Darius Miller
1993.0,Brian Roberts
1992.0,Nando De Colo
2004.0,Tony Wroten
2002.0,Maalik Wayns
160.0,Evan Fournier
2001.0,Quincy Miller
1996.0,Thomas Robinson
1997.0,Marquis Teague
1984.0,Kevin Murphy
278.0,Damian Lillard
275.0,Meyers Leonard
31.0,Will Barton
1985.0,Victor Claver
1982.0,Robert Sacre
455.0,Jonas Valanciunas
402.0,Terrence Ross
1994.0,Ben Hansbrough
30.0,Harrison Barnes
1998.0,Festus Ezeli
185.0,Draymond Green
1999.0,Kendall Marshall
2005.0,Perry Jones III
267.0,Jeremy Lamb
2008.0,Pablo Prigioni
2009.0,Chris Copeland
1986.0,Joel Freeland
255.0,Michael Kidd-Gilchrist
1995.0,Orlando Johnson
2012.0,Andrew Nicholson
352.0,Kyle O'Quinn
2010.0,Doron Lamb
2007.0,John Jenkins
2006.0,Alexey Shved
36.0,Kent Bazemore
2011.0,Jeffery Taylor
2016.0,Scott Machado
2013.0,Tornike Shengelia
2014.0,Tyshawn Taylor
2018.0,Viacheslav Kravtsov
2017.0,DeQuan Jones
193.0,Maurice Harkless
2000.0,Luke Zeller
2003.0,Arnett Moultrie
410.0,Mike Scott
2019.0,Diante Garrett
2015.0,Mirza Teletovic
205.0,John Henson
2021.0,Darius Johnson-Odom
2020.0,Quincy Acy
372.0,Miles Plumlee
2022.0,Kevin Jones
2023.0,Jarvis Varnado
45.0,Patrick Beverley
2024.0,Chris Johnson
35.0,Aron Baynes
2025.0,Fab Melo
2026.0,Tim Ohlbrecht
2027.0,Henry Sims
2028.0,Chris Wright
215.0,Justin Holiday
2029.0,Josh Akognon
357.0,Victor Oladipo
212.0,Solomon Hill
75.0,Reggie Bullock
2030.0,Ryan Kelly
426.0,Tony Snell
2031.0,Erik Murphy
86.0,Michael Carter-Williams
2054.0,Brandon Davies
2055.0,Hollis Thompson
81.0,Kentavious Caldwell-Pope
2039.0,Peyton Siva
2040.0,Tony Mitchell
2041.0,Gigi Datome
2038.0,Glen Rice
129.0,Gorgui Dieng
2052.0,Robbie Hummel
2053.0,Shabazz Muhammad
309.0,Ben McLemore
2032.0,Vitor Faverani
358.0,Kelly Olynyk
2033.0,Phil Pressey
2034.0,Dwight Buycks
2044.0,Nate Wolters
191.0,Tim Hardaway Jr.
15.0,Giannis Antetokounmpo
2045.0,Miroslav Raduljica
2042.0,Arinze Onuaku
2036.0,Ognjen Kuzmic
2035.0,Elias Harris
2037.0,Nemanja Nedovic
2048.0,Anthony Bennett
371.0,Mason Plumlee
123.0,Matthew Dellavedova
491.0,Cody Zeller
176.0,Rudy Gobert
3.0,Steven Adams
99.0,Ian Clark
394.0,Andre Roberson
409.0,Dennis Schroder
2050.0,Gal Mekel
2049.0,Pero Antic
2051.0,Ricky Ledo
2046.0,Nick Calathes
273.0,Alex Len
2056.0,Archie Goodwin
2057.0,Dionte Christmas
109.0,Allen Crabbe
2058.0,Toure' Murry
2043.0,Jeff Withey
2047.0,Jamaal Franklin
2059.0,James Southerland
2060.0,Sergey Karasev
2063.0,Chris Smith
120.0,Dewayne Dedmon
2064.0,Shane Larkin
71.0,Lorenzo Brown
76.0,Trey Burke
2062.0,Carrick Felix
2061.0,Ray McCallum
376.0,Otto Porter Jr.
82.0,Isaiah Canaan
114.0,Seth Curry
303.0,CJ McCollum
348.0,James Nunnally
108.0,Robert Covington
2065.0,Vander Blue
2066.0,Adonis Thomas
2067.0,Chris Babb
337.0,Mike Muscala
116.0,Troy Daniels
2068.0,Tony Mitchell
2069.0,Justin Hamilton
2070.0,Jorge Gutierrez
2071.0,Shane Edwards
1989.0,Royce White
2072.0,Casper Ware
430.0,DJ Stephens
2073.0,Scotty Hopson
2074.0,Willie Reed
369.0,Elfrid Payton
177.0,Aaron Gordon
2075.0,Devyn Marble
12.0,Kyle Anderson
2076.0,Tarik Black
100.0,Jordan Clarkson
2077.0,Kostas Papanikolaou
387.0,Julius Randle
54.0,Bojan Bogdanovic
420.0,Marcus Smart
2083.0,Cory Jefferson
475.0,Andrew Wiggins
2086.0,Jordan Adams
268.0,Zach LaVine
349.0,Jusuf Nurkic
130.0,Spencer Dinwiddie
345.0,Nerlens Noel
2079.0,KJ McDaniels
2081.0,Damjan Rudez
2080.0,JaKarr Sampson
341.0,Shabazz Napier
146.0,James Ennis III
305.0,Doug McDermott
321.0,Nikola Mirotic
2089.0,Cameron Bairstow
2090.0,Cleanthony Early
2088.0,Tyler Ennis
362.0,Jabari Parker
2078.0,PJ Hairston
218.0,Rodney Hood
151.0,Dante Exum
226.0,Joe Ingles
429.0,Nik Stauskas
197.0,Joe Harris
2091.0,Travis Wear
2093.0,Zoran Dragic
2084.0,James Young
2094.0,Nick Johnson
2095.0,Andre Dawkins
2087.0,Jarnell Stokes
2085.0,Lucas Nogueira
2096.0,Russ Smith
83.0,Clint Capela
2092.0,Alex Kirk
2100.0,Kalin Lucas
2098.0,Will Cherry
2099.0,Bruno Caboclo
2101.0,Erick Green
395.0,Glenn Robinson III
379.0,Dwight Powell
2082.0,Shayne Whittington
469.0,T.J. Warren
2103.0,Drew Gordon
196.0,Gary Harris
2104.0,Markel Brown
459.0,Noah Vonleh
182.0,Jerami Grant
2106.0,Eric Moreland
2107.0,Grant Jerrett
2105.0,CJ Wilcox
2108.0,Ronald Roberts Jr.
2109.0,Damien Inglis
2110.0,Johnny O'Bryant III
2111.0,Mitch McGary
2112.0,Furkan Aldemir
2113.0,Patrick Christopher
2102.0,Adreian Payne
2114.0,Elijah Millsap
168.0,Langston Galloway
244.0,Tyler Johnson
2115.0,Larry Drew II
2116.0,James Michael McAdoo
187.0,JaMychal Green
163.0,Tim Frazier
2118.0,Joffrey Lauvergne
2117.0,David Stockton
2119.0,Jack Cooley
2120.0,Bryce Cotton
2121.0,Jerrelle Benimon
2122.0,Jarell Eddie
2123.0,Jabari Brown
2124.0,Sean Kilpatrick
2125.0,David Wear
2126.0,Sim Bhullar
243.0,Stanley Johnson
2128.0,Lamar Patterson
354.0,Jahlil Okafor
304.0,T.J. McConnell
217.0,Richaun Holmes
486.0,Christian Wood
403.0,Terry Rozier
2137.0,Jordan Mickey
485.0,Justise Winslow
252.0,Frank Kaminsky
2132.0,Aaron Harrison
91.0,Willie Cauley-Stein
208.0,Mario Hezonja
360.0,Kelly Oubre Jr.
2133.0,Joe Young
380.0,Norman Powell
452.0,Myles Turner
105.0,Pat Connaughton
333.0,Emmanuel Mudiay
194.0,Montrezl Harrell
121.0,Sam Dekker
246.0,Nikola Jokic
378.0,Kristaps Porzingis
183.0,Jerian Grant
2131.0,Rashad Vaughn
57.0,Devin Booker
11.0,Justin Anderson
216.0,Rondae Hollis-Jefferson
343.0,Raul Neto
290.0,Trey Lyles
2129.0,Sasha Kaun
447.0,Karl-Anthony Towns
49.0,Nemanja Bjelica
405.0,D'Angelo Russell
2135.0,Marcelo Huertas
2136.0,Anthony Brown
312.0,Salah Mejri
2138.0,Edy Tavares
2139.0,RJ Hunter
2134.0,Luis Montero
154.0,Cristiano Felicio
368.0,Cameron Payne
296.0,Boban Marjanovic
340.0,Larry Nance Jr.
377.0,Bobby Portis
391.0,Josh Richardson
2140.0,Duje Dukan
249.0,Tyus Jones
2141.0,Cliff Alexander
487.0,Delon Wright
298.0,Jarell Martin
2130.0,Tibor Pleiss
418.0,Jonathon Simmons
2142.0,Josh Huestis
2127.0,Darrun Hilliard
2143.0,Branden Dawson
2144.0,Rakeem Christmas
2145.0,JJ O'Brien
2146.0,Keith Appling
2147.0,Bryce Dejean-Jones
282.0,Kevon Looney
310.0,Jordan McRae
2148.0,Thanasis Antetokounmpo
2149.0,Chris McCullough
2150.0,Alex Stepheson
2151.0,Axel Toupane
2152.0,Briante Weber
2153.0,Coty Clarke
477.0,Alan Williams
2154.0,Xavier Munford
2155.0,John Holland
207.0,Willy Hernangomez
2156.0,Mindaugas Kuzminskas
25.0,Ron Baker
2158.0,Patrick McCaw
159.0,Bryn Forbes
2157.0,Nicolas Laprovittola
2159.0,Joel Bolomboy
269.0,Jake Layman
2165.0,Nicolas Brussino
158.0,Dorian Finney-Smith
416.0,Pascal Siakam
373.0,Jakob Poeltl
2163.0,Michael Gbinije
143.0,Henry Ellenson
210.0,Buddy Hield
335.0,Jamal Murray
206.0,Juancho Hernangomez
38.0,Malik Beasley
127.0,Cheick Diallo
70.0,Jaylen Brown
232.0,Demetrius Jackson
2160.0,Isaiah Whitehead
65.0,Malcolm Brogdon
181.0,Treveon Graham
295.0,Thon Maker
407.0,Dario Saric
145.0,Joel Embiid
406.0,Domantas Sabonis
2164.0,Semaj Christon
1.0,Alex Abrines
288.0,Timothe Luwawu-Cabarrot
227.0,Brandon Ingram
307.0,Rodney McGruder
198.0,Andrew Harrison
139.0,Kris Dunn
26.0,Wade Baldwin IV
2162.0,Deyonta Davis
97.0,Marquese Chriss
454.0,Tyler Ulis
43.0,Dragan Bender
392.0,Malachi Richardson
2170.0,Malcolm Delaney
383.0,Taurean Prince
2168.0,Daniel Ochefu
42.0,DeAndre' Bembry
2169.0,Sheldon Mac
456.0,Denzel Valentine
44.0,Davis Bertans
2171.0,AJ Hammons
2161.0,Kyle Wiltjer
2173.0,Stephen Zimmerman
2172.0,Kay Felder
483.0,Troy Williams
2174.0,Maurice Ndour
334.0,Dejounte Murray
344.0,Georges Niang
408.0,Tomas Satoransky
2167.0,Diamond Stone
266.0,Skal Labissiere
493.0,Ivica Zubac
2175.0,Danuel House Jr.
2166.0,Paul Zipser
2177.0,Tim Quarterman
157.0,Yogi Ferrell
458.0,Fred VanVleet
2178.0,Jonathan Gibson
2179.0,Marshall Plumlee
247.0,Derrick Jones Jr.
277.0,Caris LeVert
248.0,Damian Jones
2180.0,Chinanu Onuaku
2181.0,Pierre Jackson
2176.0,Georgios Papagiannis
386.0,Chasson Randle
2182.0,Okaro White
2183.0,Mike Tobey
2184.0,Marcus Georges-Hunt
2185.0,Brice Johnson
106.0,Quinn Cook
2186.0,Ben Bentil
350.0,David Nwaba
2187.0,Shawn Long
2188.0,Jarrod Uthoff
412.0,Wayne Selden
2189.0,Gary Payton II
381.0,Alex Poythress
2190.0,Isaiah Taylor
2191.0,Patricio Garino
41.0,Jordan Bell
434.0,Jayson Tatum
353.0,Semi Ojeleye
339.0,Abdel Nader
439.0,Daniel Theis
324.0,Malik Monk
23.0,Dwayne Bacon
254.0,Luke Kennard
270.0,TJ Leaf
14.0,Ike Anigbogu
9.0,Jarrett Allen
417.0,Ben Simmons
165.0,Markelle Fultz
322.0,Donovan Mitchell
351.0,Royce O'Neale
229.0,Jonathan Isaac
4.0,Bam Adebayo
47.0,Jabari Bird
72.0,Sterling Brown
473.0,Derrick White
2198.0,Brandon Paul
66.0,Dillon Brooks
2192.0,Charles Cooke
2193.0,Jalen Jones
234.0,Josh Jackson
433.0,Caleb Swanigan
2195.0,Alec Peters
2196.0,Mike James
102.0,Zach Collins
421.0,Dennis Smith Jr.
101.0,John Collins
257.0,Maxi Kleber
2194.0,Josh Magette
161.0,De'Aaron Fox
235.0,Justin Jackson
299.0,Frank Mason
297.0,Lauri Markkanen
18.0,OG Anunoby
19.0,Ryan Arcidiacono
308.0,Alfonzo McKinnie
50.0,Antonio Blakeney
156.0,Terrance Ferguson
347.0,Frank Ntilikina
2199.0,Dakari Johnson
134.0,Damyean Dotson
27.0,Lonzo Ball
265.0,Kyle Kuzma
437.0,Milos Teodosic
89.0,Alex Caruso
445.0,Sindarius Thornwell
359.0,Cedi Osman
2201.0,Gian Clavell
202.0,Josh Hart
488.0,Guerschon Yabusele
133.0,Tyler Dorsey
230.0,Wes Iwundu
385.0,Ivan Rabb
384.0,Zhou Qi
2197.0,Matt Williams Jr.
2203.0,Mangok Mathiang
2204.0,Marcus Paige
53.0,Bogdan Bogdanovic
2205.0,Jawun Evans
260.0,Furkan Korkmaz
2206.0,Matt Costello
2207.0,Jacob Wiley
46.0,Khem Birch
484.0,D.J. Wilson
60.0,Tony Bradley
492.0,Ante Zizic
93.0,Tyler Cavanaugh
74.0,Thomas Bryant
2208.0,Derrick Walton Jr.
478.0,C.J. Williams
190.0,Daniel Hamilton
2211.0,Antonius Cleveland
2212.0,Jacob Pullen
289.0,Tyler Lydon
2209.0,Vincent Hunter
2213.0,London Perrantes
110.0,Torrey Craig
2202.0,Kobi Simmons
2210.0,Jamil Wilson
2214.0,Yakuba Ouattara
331.0,Johnathan Motley
2216.0,Kadeem Allen
2217.0,Jamel Artis
2215.0,Malcolm Miller
2218.0,Kyle Collinsworth
2219.0,Milton Doyle
323.0,Naz Mitrou-Long
466.0,Tyrone Wallace
390.0,Davon Reed
2220.0,Reggie Hearn
2222.0,Myke Henry
2221.0,Nigel Hayes
2223.0,Ben Moore
2224.0,James Webb III
2225.0,Josh Gray
2226.0,Erik McCree
261.0,Luke Kornet
209.0,Isaiah Hicks
330.0,Monte Morris
233.0,Frank Jackson
135.0,PJ Dozier
2227.0,Andrew White III
396.0,Devin Robinson
2229.0,Walter Lemon Jr.
2228.0,Trey McKinney-Jones
199.0,Shaquille Harrison
327.0,Jaylen Morris
238.0,Amile Jefferson
2230.0,Xavier Rathan-Mayes
2231.0,Rodney Purvis
2232.0,Jameel Warney
272.0,Damion Lee
58.0,Chris Boucher
366.0,Justin Patton
2233.0,Omari Johnson
432.0,Edmond Sumner
2234.0,Andre Ingram
2235.0,Aaron Jackson
414.0,Landry Shamet
55.0,Jonah Bolden
128.0,Hamidou Diallo
78.0,Deonte Burton
131.0,Donte DiVincenzo
62.0,Miles Bridges
69.0,Bruce Brown
264.0,Rodions Kurucs
281.0,Zach Lofton
336.0,Dzanan Musa
370.0,Theo Pinson
231.0,Jaren Jackson Jr.
213.0,Aaron Holiday
28.0,Mo Bamba
63.0,Isaiah Briscoe
300.0,Yante Maten
490.0,Trae Young
449.0,Allonzo Trier
259.0,Kevin Knox
399.0,Mitchell Robinson
428.0,Omari Spellman
221.0,Kevin Huerter
413.0,Collin Sexton
480.0,Kenrich Williams
98.0,Gary Clark
201.0,Isaiah Hartenstein
32.0,Keita Bates-Diop
147.0,Drew Eubanks
314.0,Chimezie Metu
24.0,Marvin Bagley III
174.0,Harry Giles III
166.0,Wenyen Gabriel
8.0,Grayson Allen
175.0,Shai Gilgeous-Alexander
471.0,Thomas Welsh
398.0,Jerome Robinson
22.0,Deandre Ayton
132.0,Luka Doncic
73.0,Jalen Brunson
355.0,Elie Okobo
61.0,Mikal Bridges
64.0,Ryan Broekhoff
427.0,Ray Spalding
85.0,Wendell Carter Jr.
222.0,Chandler Hutchison
7.0,Rawle Alkins
68.0,Troy Brown Jr.
56.0,Isaac Bonga
338.0,Svi Mykhailiuk
468.0,Brad Wanamaker
240.0,Alize Johnson
148.0,Jacob Evans
2.0,Jaylen Adams
287.0,Jordan Loyd
162.0,Melvin Frazier Jr.
180.0,Devonte' Graham
356.0,Josh Okogie
292.0,Daryl Macon
479.0,Johnathan Williams
5.0,DeVaughn Akoon-Purcell
476.0,Robert Williams III
313.0,De'Anthony Melton
397.0,Duncan Robinson
419.0,Anfernee Simons
462.0,Moritz Wagner
142.0,Vincent Edwards
438.0,Jared Terrell
87.0,Jevon Carter
441.0,Khyri Thomas
126.0,Marcus Derrickson
320.0,Shake Milton
470.0,Yuta Watanabe
3089.0,Gary Trent Jr.
119.0,Tyler Davis
3091.0,Brandon Goodwin
3090.0,Jaron Blossomgame
141.0,Trevon Duval
256.0,George King
149.0,Keenan Evans
52.0,Trevon Bluiett
92.0,Troy Caupain
45947.0,Donte Grantham
293.0,J.P. Macura
464.0,Lonnie Walker IV
3092.0,Haywood Highsmith
3450.0,Deng Adel
16.0,Kostas Antetokounmpo
3943.0,Julian Washburn
457.0,Jarred Vanderbilt
5117.0,Mitchell Creek
5279.0,Emanuel Terry
5471.0,Brandon Sampson
122.0,Angel Delgado
46449661.0,Jordan Sibert
50191.0,Bonzie Colson
50815.0,BJ Johnson
50966.0,Cameron Reynolds
50609.0,Dairis Bertans
50661.0,Chris Chiozza
2116373.0,Dusty Hannahs
50823.0,Jemerrio Jones
425.0,Zhaire Smith
50793.0,Isaac Humphries
50737.0,Billy Garrett
50729.0,Michael Frazier
666692.0,Mfiondu Kabengele
666743.0,Terance Mann
667302.0,Nicolo Melli
666530.0,Terence Davis
666630.0,Dewan Hernandez
666400.0,Nickeil Alexander-Walker
666729.0,Nassir Little
375.0,Michael Porter Jr.
666429.0,Darius Bazley
666697.0,Stanton Kidd
666950.0,P.J. Washington
666956.0,Coby White
666577.0,Daniel Gafford
666581.0,Darius Garland
666849.0,Kevin Porter Jr.
666517.0,Tyler Cook
666940.0,Dean Wade
666609.0,Rui Hachimura
666885.0,Admiral Schofield
666754.0,Garrison Mathews
666871.0,Justin Robinson
666633.0,Tyler Herro
50927.0,Kendrick Nunn
666786.0,Ja Morant
666607.0,Marko Guduric
666505.0,Brandon Clarke
666894.0,Chris Silva
666821.0,KZ Okpala
666442.0,Goga Bitadze
666523.0,Jarrett Culver
666923.0,Matisse Thybulle
666551.0,Carsen Edwards
666965.0,Grant Williams
666423.0,RJ Barrett
666464.0,Ignas Brazdeikis
666656.0,De'Andre Hunter
666860.0,Cameron Reddish
666564.0,Bruno Fernando
666831.0,Eric Paschall
666848.0,Jordan Poole
666460.0,Ky Bowman
666604.0,Javonte Green
666747.0,Caleb Martin
666748.0,Cody Martin
666626.0,Jaxson Hayes
666616.0,Jared Harper
666672.0,Justin James
666463.0,Jarrell Brantley
666808.0,Zach Norvell Jr.
666454.0,Jordan Bone
666846.0,Vincent Poirier
666560.0,Tacko Fall
666919.0,Matt Thomas
666679.0,Cameron Johnson
666650.0,Talen Horton-Tucker
666610.0,Devon Hall
666713.0,Romeo Langford
666509.0,Chris Clemons
666543.0,Sekou Doumbouya
666489.0,Vlatko Cancar
666459.0,Brian Bowen II
666824.0,Miye Oni
666508.0,Nicolas Claxton
666703.0,John Konchar
666767.0,Jordan McLaughlin
666809.0,Jaylen Nowell
666474.0,Charles Brown
666837.0,Norvel Pelle
666476.0,Moses Brown
666641.0,Jaylen Hoard
666963.0,Nigel Williams-Goss
666468.0,Oshae Brissett
666751.0,Kelan Martin
666675.0,DaQuan Jeffries
666502.0,Zylan Cheatham
666682.0,Keldon Johnson
667378.0,Naz Reid
666908.0,Max Strus
666788.0,Juwan Morgan
666608.0,Kyle Guy
666952.0,Tremont Waters
666847.0,Shamorie Ponds
666891.0,Marial Shayok
666676.0,Ty Jerome
666541.0,Luguentz Dort
666762.0,Jalen McDaniels
666486.0,Devontae Cacok
1358055.0,Anzejs Pasecniks
666698.0,Louis King
1280857.0,Kevin Hervey
666930.0,Rayjon Tucker
666900.0,Alen Smailagic
666511.0,Amir Coffey
666859.0,Josh Reaves
1573276.0,Levi Randolph
1567838.0,Paul Watson
666976.0,Justin Wright-Foreman
666720.0,Jalen Lecque
1687493.0,Matt Mooney
666969.0,Zion Williamson
666783.0,Adam Mokoka
666717.0,Vic Law
666653.0,William Howard
1603383.0,Gabe Vincent
666873.0,Isaiah Roby
666453.0,Marques Bolden
666750.0,Jeremiah Martin
1891701.0,Eric Mika
666827.0,Tariq Owens
666401.0,Kyle Alexander
666925.0,Juan Toscano-Anderson
666953.0,Quinndary Weatherspoon
1986689.0,Malik Newman
96.0,Joe Chealey
666611.0,Donta Hall
666794.0,Mychal Mulder
666971.0,Dylan Windler
666881.0,Luka Samanic
2270852.0,Sir'Dominic Pointer
666451.0,Bol Bol
3547240.0,James Wiseman
3547169.0,Reggie Perry
3547247.0,Isaac Okoro
3547239.0,LaMelo Ball
3547252.0,Vernon Carey Jr.
3547238.0,Anthony Edwards
3547241.0,Killian Hayes
3547256.0,Saddiq Bey
3547259.0,Jaden McDaniels
3547243.0,Obi Toppin
3547269.0,Immanuel Quickley
666818.0,Chuma Okeke
3547251.0,Cole Anthony
3547249.0,Precious Achiuwa
3547245.0,Tyrese Haliburton
3547304.0,Facundo Campazzo
3547262.0,Jahmi'us Ramsey
666446.0,Keljin Blevins
3547095.0,Udoka Azubuike
3547164.0,CJ Elleby
3547242.0,Deni Avdija
3547254.0,Tyrese Maxey
3547302.0,Anthony Gill
3547276.0,Payton Pritchard
3547299.0,Sam Merrill
3547248.0,Patrick Williams
3547295.0,Nathan Knight
3547289.0,Skylar Mays
3547246.0,Devin Vassell
3547287.0,Desmond Bane
3547300.0,Sean McDermott
3547274.0,Tre Jones
3547275.0,Malachi Flynn
3547264.0,Jalen Smith
3547258.0,Josh Green
3547296.0,Ty-Shon Alexander
3547260.0,Kira Lewis Jr.
3547207.0,Jordan Nwora
3547250.0,Aaron Nesmith
3547283.0,Markus Howard
3547285.0,Xavier Tillman
3547253.0,Theo Maledon
3547271.0,Aleksej Pokusevski
3547290.0,Josh Hall
3547273.0,Cassius Stanley
3547301.0,Jae'Sean Tate
3547306.0,Brodric Thomas
3547291.0,Mason Jones
3547263.0,Daniel Oturu
3547293.0,Naji Marshall
3547267.0,Isaiah Stewart
3547298.0,Saben Lee
3547257.0,R.J. Hampton
3547279.0,Lamar Stevens
2309958.0,Jontay Porter
3547282.0,Nick Richards
3547284.0,Karim Mane
3547272.0,Isaiah Joe
3547197.0,Devon Dotson
3547266.0,Elijah Hughes
3547281.0,Nate Hinton
666755.0,Dakota Mathias
3547294.0,Kenyon Martin Jr.
3547297.0,Trent Forrest
3547261.0,Nico Mannion
3547292.0,Jalen Harris
3547265.0,Tyler Bey
3547270.0,Paul Reed
3547286.0,Cassius Winston
3547244.0,Onyeka Okongwu
3547303.0,Will Magnay
3547255.0,Tyrell Terry
3547288.0,Robert Woodard II
666899.0,Deividas Sirvydis
3547278.0,Ashton Hagans
3547163.0,Mamadi Diakite
3547215.0,Killian Tillie
3547268.0,Zeke Nnaji
3547277.0,Grant Riller
3547305.0,Nate Darling
7155648.0,Anthony Lamb
9051997.0,Armoni Brooks
3546977.0,Greg Whittington
9177971.0,Devin Cannady
9318184.0,Freddie Gillespie
9338307.0,Malik Fitts
666570.0,Robert Franks
666467.0,Amida Brimah
9530711.0,Gabriel Deck
4197307.0,Marcos Louzada Silva
11558583.0,Cameron Oliver
3547280.0,Jay Scrubb
11755528.0,Elijah Bryant
17553992.0,Moses Moody
17553995.0,Austin Reaves
17896059.0,Sandro Mamukelashvili
17896048.0,Cam Thomas
18170939.0,Georgios Kalaitzakis
17896030.0,Chris Duarte
17896037.0,James Bouknight
17896035.0,Isaiah Jackson
17896032.0,Kai Jones
17895983.0,Ayo Dosunmu
17896056.0,Luka Garza
17896063.0,Jericho Sims
17895858.0,Quentin Grimes
17896060.0,Sam Hauser
17896076.0,Evan Mobley
17896027.0,Ziaire Williams
17896067.0,Santi Aldama
17554003.0,RJ Nembhard Jr.
18677986.0,Trey Murphy III
17896024.0,Herbert Jones
17896053.0,Aaron Henry
4197105.0,Petr Cornelie
17553994.0,Davion Mitchell
17896028.0,Greg Brown III
17896055.0,Scottie Barnes
17896094.0,Dalano Banton
17896039.0,Justin Champagnie
17896045.0,Corey Kispert
17896026.0,Franz Wagner
17896073.0,Jalen Suggs
17896051.0,Joshua Primo
17896065.0,Josh Giddey
17896036.0,Tre Mann
18677954.0,Jared Butler
17896021.0,Jeremiah Robinson-Earl
4197387.0,Vit Krejci
17895966.0,Jalen Green
17896062.0,Alperen Sengun
4197356.0,Leandro Bolmaro
17896023.0,Josh Christopher
17896022.0,Brandon Boston Jr.
17896040.0,Jalen Johnson
19465586.0,Kevin Pangos
17553993.0,Joel Ayayi
17895854.0,Charles Bassey
17896097.0,Jose Alvarado
17896029.0,Sharife Cooper
17553997.0,Marcus Garrett
17553988.0,Jeff Dowtin
17896038.0,Day'Ron Sharpe
17896033.0,Miles McBride
18678057.0,Jamorko Pickett
17895967.0,Isaiah Todd
17896031.0,Nah'Shon Hyland
19465326.0,Jock Landale
17896041.0,Keon Johnson
17554002.0,DeJon Jarreau
17896089.0,Duane Washington Jr.
17553979.0,Jonathan Kuminga
17896075.0,Cade Cunningham
17896070.0,Usman Garuba
11891374.0,Omer Yurtseven
17896103.0,Jay Huff
17896025.0,Jaden Springer
17896064.0,Joe Wieskamp
17896078.0,Aaron Wiggins
4197388.0,Marko Simonovic
17896044.0,Kessler Edwards
17896120.0,Ish Wainright
17896042.0,Jason Preston
17896058.0,Trendon Watford
17895968.0,Daishen Nix
17896020.0,David Johnson
18678001.0,JT Thor
17896106.0,Eugene Omoruyi
17553967.0,Neemias Queta
17553999.0,Chaundee Brown
17896066.0,Yves Pons
17554001.0,Javonte Smart
4197232.0,Arnoldas Kulboka
17896061.0,Scottie Lewis
17896049.0,David Duke Jr.
24102469.0,Malcolm Hill
17896071.0,Isaiah Livers
666598.0,Hassani Gravett
23800531.0,Aleem Ford
17895902.0,Tyler Hall
17553983.0,Trevelin Queen
17554000.0,JaQuori McLaughlin
10384980.0,Myles Powell
24102396.0,Trevon Scott
17553986.0,Ade Murkey
17896072.0,Moses Wright
17554006.0,Jordan Schakel
17896099.0,Carlik Jones
17895839.0,Javin DeLaurier
17896116.0,Terry Taylor
24338188.0,Cat Barber
24338541.0,Malik Ellison
17895899.0,Shaq Buchanan
17554005.0,Mac McClung
24417679.0,Xavier Moon
24590029.0,Craig Sword
18678058.0,Jordan Goodwin
24572055.0,Olivier Sarr
17896009.0,Rob Edwards
24489241.0,Cameron McGriff
24489167.0,Brandon Williams
24489019.0,Jarron Cumberland
24590098.0,Justin Tillman
17895769.0,Keifer Sykes
24602685.0,Trayvon Palmer
19465584.0,Micah Potter
17895994.0,Xavier Sneed
19465583.0,Jaime Echenique
17895875.0,Aric Holman
17896101.0,MJ Walker
24839769.0,Paris Bass
24850479.0,Jaysean Paige
17895912.0,Ahmad Caver
17896007.0,Braxton Key
17895988.0,Jon Teske
666960.0,Lindell Wigginton
27924547.0,Lindy Waters III
17896017.0,Matt Ryan
30053472.0,Gabriel Lundberg
17553987.0,Zavier Simpson
17896074.0,McKinley Wright IV
17896093.0,Feron Hunt
17553998.0,D.J. Stewart Jr.
31890572.0,Gabe York
11314392.0,Luca Vildoza
38017707.0,JD Davison
38017697.0,Max Christie
38017712.0,Ryan Rollins
38017656.0,Scotty Pippen Jr.
38017716.0,Ousmane Dieng
38017703.0,Jalen Williams
38017690.0,Shaedon Sharpe
38017711.0,Jabari Walker
38017705.0,Walker Kessler
38017709.0,Christian Braun
38017679.0,Jaden Hardy
38017677.0,Dyson Daniels
38017696.0,Nikola Jovic
38017684.0,Jabari Smith Jr.
38017695.0,Tari Eason
38017689.0,AJ Griffin
38017737.0,Trevor Hudgins
38017710.0,Christian Koloko
38017662.0,Isaiah Mobley
38017686.0,Bennedict Mathurin
38017687.0,Johnny Davis
38017701.0,Kendall Brown
38017683.0,Paolo Banchero
38017682.0,Jaden Ivey
38017694.0,Jalen Duren
38017724.0,Caleb Houstan
38017718.0,Buddy Boeheim
38017607.0,Kevon Harris
38017729.0,David Roddy
38017728.0,Jake LaRavia
38017702.0,Kennedy Chandler
38017732.0,Kenneth Lofton Jr.
38017699.0,Jeremy Sochan
38017698.0,Mark Williams
38017708.0,Bryce McGowens
38017676.0,MarJon Beauchamp
38017507.0,Andrew Nembhard
38017692.0,Malaki Branham
38017620.0,Ochai Agbaji
38017704.0,Patrick Baldwin Jr.
38017733.0,A.J. Green
38017688.0,Keegan Murray
38017700.0,Wendell Moore Jr.
38017706.0,Jaylin Williams
38017739.0,Simone Fontecchio
38017722.0,Tyrese Martin
38017734.0,Jamal Cain
38017726.0,Dereon Seabron
19465585.0,Dru Smith
38017738.0,Chima Moneke
38017693.0,Blake Wesley
38017719.0,Dalen Terry
38017630.0,Johnny Juzang
38017731.0,Vince Williams Jr.
38017725.0,Moussa Diabate
38017713.0,Jordan Hall
38124126.0,John Butler Jr.
38017691.0,TyTy Washington Jr.
39398582.0,Orlando Robinson
38017721.0,Peyton Watson
17554004.0,AJ Lawson
38017649.0,Julian Champagnie
38017735.0,Jack White
38017717.0,Ron Harper Jr.
38017730.0,Dominick Barlow
38017678.0,Michael Foster Jr.
39613724.0,Ibou Badji
38017714.0,Keon Ellis
38017723.0,Alondes Williams
38017715.0,Josh Minott
38017736.0,Cole Swider
42097199.0,Jared Rhoden
38017663.0,E.J. Liddell
44477062.0,Jamaree Bouyea
38017665.0,Darius Days
44477024.0,Stanley Umude
38017720.0,Trevor Keels
44477085.0,Quenton Jackson
45658838.0,Lester Quinones
46658323.0,Xavier Cooks
47738533.0,Jeenathan Williams
47957121.0,Justin Minaya
48248491.0,Chance Comanche
48248287.0,Jacob Gilyard
56677799.0,Trayce Jackson-Davis
56677858.0,Brandin Podziemski
38017727.0,Collin Gillespie
56677582.0,Jalen Pickett
56677836.0,Maxwell Lewis
38017685.0,Chet Holmgren
56677833.0,Cason Wallace
56677857.0,Julian Phillips
56677826.0,Ausar Thompson
56677785.0,Jaime Jaquez Jr.
56677792.0,Marcus Sasser
56677729.0,Malcolm Cazalon
56677828.0,Gradey Dick
56677782.0,Leonard Miller
56677847.0,Emoni Bates
56677843.0,Noah Clowney
56677844.0,Bilal Coulibaly
56677825.0,Amen Thompson
56677831.0,Cam Whitmore
56677827.0,Anthony Black
56677809.0,Jermaine Samuels Jr.
4197162.0,Aleksandar Vezenkov
56677834.0,Keyonte George
56677824.0,Taylor Hendricks
56677837.0,Jordan Hawkins
56677830.0,GG Jackson
666584.0,Kaiser Gates
56677823.0,Brandon Miller
56677846.0,Nick Smith Jr.
56677838.0,Kobe Bufkin
56677866.0,Leaky Black
56677848.0,Amari Bailey
56677747.0,Scoot Henderson
56677850.0,Toumani Camara
56677849.0,Kobe Brown
56677791.0,Kris Murray
56677829.0,Rayan Rupert
56677840.0,Dereck Lively II
56677822.0,Victor Wembanyama
56677738.0,Colin Castleton
56677776.0,Julian Strawther
4197029.0,Vasilije Micic
56677845.0,Colby Jones
56677805.0,Javon Freeman-Liberty
56677872.0,Craig Porter
56677852.0,Andre Jackson Jr.
17895941.0,Filip Petrusev
56677806.0,Mouhamed Gueye
56677868.0,D'Moi Hodge
56677856.0,Jordan Miller
56677867.0,Alex Fudge
56677722.0,Jalen Wilson
56677861.0,Ben Sheppard
56677832.0,Jarace Walker
56677859.0,Olivier-Maxence Prosper
56677839.0,Jett Howard
56677874.0,Onuralp Bitim
56677817.0,Sidy Cissoko
56677835.0,Jalen Hood-Schifino
17895990.0,Jordan Ford
56783340.0,Duop Reath
56677869.0,Markquis Nowell
56677865.0,Charles Bediako
56677871.0,Hunter Tyson
57875092.0,Gui Santos
56677841.0,Dariq Whitehead
56677860.0,Adama Sanogo
56677873.0,Dexter Dennis
56677854.0,Chris Livingston
56677778.0,Oscar Tshiebwe
56677795.0,Jacob Toppin
64267203.0,Jules Bernard
56677855.0,Seth Lundy
64269817.0,Nathan Mensah
64270311.0,Drew Peterson
64270886.0,Dmytro Skapintsev
56913527.0,Ricky Council IV
56677853.0,Keyontae Johnson
64270026.0,Pete Nance
56677788.0,Terquavion Smith
64269931.0,Taze Moore
17896050.0,Matt Hurt
64268019.0,Henri Drell
64269023.0,Trey Jemison
64268165.0,Tosan Evbuomwan
56677864.0,Jordan Walsh
377705601.0,Mouhamadou Gueye
56677842.0,Brice Sensabaugh
17896091.0,D.J. Carton
17896092.0,Jalen Crutcher
907726640.0,Andrew Funk
1015289727.0,Jaylin Galloway
1015298615.0,Izaiah Brockington
56677862.0,Jalen Slawson
1017051787.0,Maozinha Pereira
1016384149.0,Tristan Vukcevic
17896052.0,RaiQuan Gray
1018685894.0,Malik Williams
1019069810.0,Timmy Allen
795959473.0,Pat Spencer
